0,1
-4.083901922,-4.084523149
13.41126791,21.27625244
-6.453999816,-4.627967491
30.1917482,-9.670428545
24.62408795,-17.00042197
28.4616489,-14.17987289
-7.501239114,1.962014634
13.50159743,26.16076988
-9.083736886,-3.635402028
-8.797509911,2.365463905
18.50316197,26.4954601
18.63832889,21.08995355
27.4599101,-15.91355524
-6.81945495,2.596874363
-5.076118104,-3.80352823
15.61381204,20.03337292
-3.056820716,3.219118705
-3.224582931,2.248094887
12.68296971,20.86750607
-8.800724718,-0.870572355
-8.217566746,-4.805749647
-3.117532692,0.441920168
-6.150357215,2.740935952
-8.14147789,3.46973649
-5.992847159,3.621666358
26.51207865,-10.44090804
32.30331865,-11.95385584
24.90472108,-13.50093808
11.9620703,19.50661203
17.03835444,23.71374518
25.98632275,-17.10955916
27.23557421,-15.85568279
19.44885016,24.32060017
12.44708523,24.34397944
-3.044242866,-3.520189551
29.8292988,-14.00893223
18.67187473,20.46251795
23.98622681,-15.84843824
-9.01651086,1.680692736
-8.479229567,-4.500480836
-5.056602525,-3.906404396
-4.449723089,-1.134302649
-4.667917542,3.284245309
15.63488376,20.4995404
11.14120042,21.82926571
-9.354703402,-3.793953515
27.94166859,-13.7638351
15.01762857,25.06826934
15.78201352,19.35081247
-5.272784442,-1.908956788
-4.245337139,2.66723944
-9.223195804,1.301765021
11.02675345,23.60284796
15.19076117,20.47729556
-8.587885014,2.23564033
29.93170124,-15.12703174
28.53042704,-16.88107238
-7.880772961,2.06219152
-8.900432605,-1.117471476
-7.668923662,-3.579667306
24.26218637,-10.77500033
-4.31450493,0.147870793
-10.12645616,0.590648787
14.06476146,18.09822859
-3.461919129,2.782808707
-8.699740657,-2.194585005
17.67401193,22.55002139
-7.726237725,-2.846709606
18.1772863,22.65139449
23.25976855,-14.39348739
30.45161198,-16.66756153
19.0473471,23.89691904
-5.151044924,-0.097100561
15.90224215,22.069919
18.27415442,24.5280168
14.56732752,23.80874262
16.26027455,23.99429643
15.18202305,17.69578603
30.30491269,-16.86245474
15.4121312,18.32926426
25.25566524,-11.27923434
24.78218227,-10.18826855
28.97103469,-13.54269957
15.07767705,18.23718194
13.49052871,23.65609197
31.64700331,-11.49881692
24.18738292,-11.760146
-5.524157642,-2.993729443
13.67656851,22.48127908
24.01204041,-12.92436125
17.60754146,26.92406311
-6.77015445,-2.397746662
29.27490676,-18.10973377
26.23018648,-12.39826276
24.60339415,-16.37277227
28.59525434,-12.33949503
-9.152767067,3.271140282
-11.52504678,-0.760919067
-5.057509445,0.381751231
17.64429763,19.86830392
18.25031534,22.58483782
-10.88242961,-2.610680509
11.53166233,23.26691593
28.80758027,-14.33025846
13.11520253,18.99695928
11.86177538,20.13354283
15.43928301,26.193787
32.10852972,-14.50108956
12.69875024,23.96436093
31.04417585,-14.28276684
25.8139174,-12.23547821
20.27772375,23.52137275
29.77900245,-14.28596594
-10.3488922,-2.671203511
12.904987,22.46099443
31.36254013,-11.57872491
18.41664678,26.30673489
-6.085605644,2.909542685
24.71790472,-17.22522411
-6.581556739,4.578796016
-4.482936966,1.49725078
-6.934812868,4.26858679
24.24465183,-16.50380485
29.32401112,-16.08616398
27.00458109,-14.91355493
13.47886979,24.53865941
13.7478286,25.96032154
-8.02057514,-0.378156956
-2.854067071,0.171426776
19.22547166,21.80106834
30.84461773,-10.19006201
-10.76692338,0.110000408
16.79277907,20.13445901
18.40866117,20.83941083
-9.746029073,-2.15496427
26.37163959,-11.1239662
-8.197598398,1.370844344
15.04244417,26.27973884
24.86860724,-9.550376292
29.0423,-10.06478299
12.10355654,20.59170606
-3.334096286,-0.830345644
16.45079774,22.07038569
-4.060229592,2.958226027
24.81885607,-13.15221231
-4.692348763,-0.8636135
-5.917319779,-3.523611875
18.80120477,21.64995931
-3.957912266,-1.682779953
13.1415227,20.06332525
-7.231802018,-3.546854045
14.78074043,17.68474002
14.44685737,17.8180055
30.03379018,-14.23217362
-8.798962188,-0.967970946
12.96483861,19.53530048
27.85066128,-8.748217572
-8.232080432,-3.98558832
-10.41583803,2.035033349
17.7707231,19.76035189
31.99674431,-13.64047091
32.27001053,-11.64564425
26.76171836,-11.47533798
28.15154787,-13.23253811
25.01125393,-16.07161843
-10.13874747,-1.30710397
12.80884271,26.12459807
16.51267158,22.38612771
13.04298517,20.45262835
19.00956276,21.50369527
-8.190753773,4.494057808
17.81385136,19.95356364
-5.988577741,-0.926151439
16.48287989,17.85204368
-7.282048192,-1.526395135
-5.436388959,-4.090940148
28.24456434,-16.37416673
14.34433883,21.29141892
-3.314782021,-0.167218303
16.64502522,20.7157648
29.19436958,-10.72565386
-6.03650747,0.91122751
11.9116506,24.76981954
14.51370867,21.67629699
29.88920306,-15.09052882
18.9745234,23.63801794
-4.765423673,2.862363833
18.03211178,23.16171092
15.93172796,20.4168003
-9.923539093,-1.81095883
11.05807205,23.61204119
-9.500574236,1.286873947
-4.186930381,3.817590839
29.45807727,-13.47849991
32.11784463,-11.31470243
-10.83427611,-0.795373682
-6.442052103,1.36797294
-4.298757945,2.557522474
20.08993644,23.57210474
30.17223298,-14.20239742
30.99402063,-12.0891585
25.74948445,-9.164634788
28.26698649,-13.23822052
25.55982333,-15.99281141
27.05977585,-11.47941149
-5.24659323,1.652746123
13.33212225,26.13371291
-9.759589686,-1.950157772
-8.347132637,-0.323237172
23.29703889,-14.59266533
12.72764141,22.03592355
24.21249188,-16.80853447
-3.687113642,3.303193113
-3.286800952,1.744655248
24.22097734,-12.34671613
26.84281029,-14.0574714
-10.40625763,0.018554805
14.05375095,21.73822811
-4.561510119,-2.533117564
-7.709194843,-3.778337065
19.1786063,20.84922636
24.91365612,-11.4578876
31.25393318,-12.16386795
19.35411919,24.35802495
24.64773724,-12.8739009
-7.51787826,-0.600549008
25.33320607,-10.92757716
28.65137181,-12.44187336
-7.333981274,-3.970950974
25.11145761,-10.45869382
17.64010181,22.77445205
29.51559177,-13.55209241
24.51246419,-12.25592978
17.81655076,19.7618805
16.80414172,21.33329064
28.13425819,-13.86530359
17.64715794,21.11852363
11.57033888,22.97996292
30.66417696,-13.94739895
-9.224367821,0.156443587
27.64316546,-12.41604206
17.49714744,24.91375084
-9.402584635,3.876076351
27.88334047,-12.36568458
29.15222431,-11.3496607
-4.54864921,0.491647012
31.33801784,-10.48860952
17.19484808,23.14090702
18.56149117,24.13793453
17.89740445,18.21196802
20.11013898,23.19818641
27.10460823,-9.267753011
23.10984588,-12.25579192
-10.0497332,-1.539896017
-6.547012159,-2.844464778
29.19011625,-9.21232595
31.17867918,-15.5157692
-3.616892526,2.224800666
17.54070842,24.00620157
-6.087772569,0.983033507
12.00988647,22.28110528
11.17833353,23.63216095
19.01141058,25.50784109
26.84961828,-16.29024795
-9.59599744,1.433347821
-3.863731271,3.756013999
17.71629862,25.3767558
15.63498961,25.88449644
25.61546931,-17.46476918
17.0116651,21.07567783
29.88758232,-16.51314279
18.54051433,24.72093515
29.91627331,-13.23780815
-4.134300454,2.959233731
28.63525097,-14.76818968
25.92369758,-16.76415765
29.97073324,-13.863659
19.60512389,20.64718141
14.91610563,20.58585244
-9.865496381,-1.325469489
23.99977128,-15.81704833
29.28230592,-16.57298249
12.35074083,22.8124674
-2.239331318,-0.483827909
29.36170098,-17.76152191
26.76632116,-9.545238433
-7.774692832,4.237580753
-6.726886112,-2.626773606
18.40591257,20.04833911
28.15989553,-17.94883803
-4.755194452,3.34589385
13.41654809,22.34953882
27.56712896,-15.16267499
-8.789435508,-1.081244531
24.6436895,-13.61145641
12.80774587,22.97805154
14.67752555,19.86620066
-5.886242843,3.855385673
25.35808313,-15.43034426
11.89144543,24.86180697
-8.723870905,0.158317269
31.70143703,-14.61158993
-9.694775507,2.924783091
14.68564987,23.03895097
25.97850447,-12.82889751
29.18493905,-13.37716406
-9.985657832,1.447763788
29.46844401,-16.42070289
17.08436133,27.03260868
16.60783441,20.85544918
18.18580297,25.5462292
30.64329177,-17.1939452
24.40208657,-13.38519666
27.42506087,-10.10432542
26.70809852,-15.10282529
27.55800481,-13.26396687
31.03945992,-9.986926969
11.71818931,21.98543306
-6.528554793,-4.819902966
28.98713925,-16.84582508
11.79100105,20.95974844
31.79946623,-14.47528507
29.84123191,-16.48117715
25.92634702,-16.70251637
-2.71471397,-2.550675102
-7.494111724,4.313875985
28.17555222,-10.67347033
17.60745651,18.04020195
-7.602787429,-3.170312438
29.91272584,-17.32498081
-2.150530564,-0.698117063
29.71540125,-12.19948064
-9.793842175,1.456530432
-9.070018991,-2.023153646
-5.672576122,4.227300048
16.05829905,26.91793737
11.81758763,25.32369407
28.04709667,-11.99003887
27.73556134,-10.8268909
18.98664405,24.89105726
29.38372163,-16.45268062
16.27349745,18.20352122
-8.803046827,-4.046674851
-6.652860882,-4.51981316
13.83530845,22.05191411
25.59330587,-16.4524911
-8.055532743,-3.700629866
27.89973674,-14.34483501
30.04586197,-10.31276144
13.39403685,19.8451994
25.81025661,-14.26535929
27.08831717,-17.74631592
-4.315047858,3.701574724
13.63436905,26.49962845
-5.126730002,2.821330213
15.12012501,21.80370857
30.11206877,-12.19265579
26.18679969,-11.62192348
25.69861496,-13.6884296
31.92682931,-15.76570045
18.90809174,20.51848677
14.86126777,19.88386847
24.52151053,-16.02538445
30.76368971,-15.08676346
11.81033636,25.56904132
-8.6070058,-1.063857394
-8.524831011,2.263400457
19.71999743,23.52625954
12.42624756,25.04280082
16.97403603,25.84367627
14.43976499,23.20054748
15.13378144,22.04020908
-6.005804071,-1.409922505
26.60500603,-17.34234337
25.45423484,-9.611595007
28.21236868,-11.19671103
11.64084039,20.8655091
-7.784004347,2.149576289
-4.055512022,-3.75337172
16.7374123,22.77186343
25.79474244,-10.47817455
16.21060238,20.58988116
26.26776902,-17.33539492
-3.903375057,1.040163217
27.59453159,-14.87210673
30.25390411,-16.24346253
10.79604034,23.18206811
15.08216243,24.14520563
-8.968782083,0.620912396
15.78088284,25.70686888
30.70750109,-16.12076812
31.91623129,-15.50449265
17.16986778,21.07485332
-4.665694693,2.961469783
15.66535617,24.15305885
-3.606838376,-2.381909669
26.20718438,-14.04932802
16.29033794,21.57846735
29.30027385,-13.05167109
29.98628184,-15.71578603
-8.433020101,-4.3275524
17.31667986,21.78452315
13.41392251,18.18988868
-6.401296168,0.214529839
-9.119951647,2.170667539
32.53331419,-14.40746421
15.30067972,21.62106806
26.12393346,-12.44849505
-6.975631188,2.781638357
-5.005020026,-0.490317152
13.50846126,20.43079316
26.59163674,-9.762675458
26.24178924,-10.92774648
19.14048868,21.48727105
13.35994899,20.43743229
17.46848653,25.66838
30.01170375,-10.47259101
26.27630155,-11.56570724
24.81839142,-13.2181321
19.00576839,25.33576192
-4.070397671,-0.026523434
11.78532117,21.01313031
11.65601106,23.13947293
15.36362078,19.28106792
16.35016672,24.93887002
24.02920616,-12.17437544
-7.725468655,2.619310453
-9.143992339,1.29717271
24.06328591,-14.40369906
-11.20953775,-1.336500204
-6.761506901,3.512765963
15.67665913,27.02242612
27.68992059,-16.76651965
14.71174581,20.13851805
28.38803928,-17.25248241
27.50606135,-9.278322884
13.21565666,18.45745379
-4.42596673,-1.595789647
14.99350009,20.35955541
19.87834795,24.73627637
-3.872208742,-2.689765434
-7.231366562,-4.044610051
26.61948613,-12.59917536
28.43760751,-11.08313748
-4.657330046,3.5403992
-4.234861394,-0.794804423
25.66168811,-9.752618472
28.68532407,-17.69888783
-6.610768635,-4.645495819
18.99464552,23.17760694
-7.648354764,1.958354991
15.21720449,26.10173823
28.36548061,-15.74358669
26.46697506,-12.53746042
24.98227721,-10.06894223
-7.855070334,-0.259097229
13.76958347,22.37175094
-10.55969817,-0.350443104
29.0462034,-11.75784113
16.08214844,24.64838522
16.99553068,17.76087117
31.93466025,-11.2721744
-3.036758342,0.180991206
-4.81419141,-4.642770441
28.46890504,-12.15868531
31.43103315,-16.69979991
-8.14400603,2.223426129
-6.071126213,4.60854521
30.32244287,-13.67321259
25.56462177,-13.77882891
16.04932037,20.87835089
31.02661388,-16.11214582
12.9477409,19.6240892
16.01077445,20.0818389
28.27831408,-15.61196024
19.34505333,19.66265705
29.90871267,-14.70957394
19.00265365,24.08814832
-6.357748459,-0.057471062
11.93281975,24.08766461
31.91302927,-14.32803797
11.91670015,22.79962247
-8.006568571,4.312563098
17.67607107,18.57692022
24.36526134,-15.68280661
-11.04904028,-0.493535474
28.8901757,-16.90258105
17.50121764,20.2057929
-6.344174378,0.653361323
28.73549724,-11.23963436
-8.076172992,3.975323993
-11.42475197,0.334049617
18.24123477,18.35094341
11.58392756,25.30039461
23.94375002,-16.34908881
23.49819422,-14.99801691
18.35386789,20.58265371
27.87300148,-9.967778707
25.75703773,-13.9400897
-6.207946551,-3.034879045
28.19787697,-13.22278928
23.83008642,-11.44898715
15.32647938,19.5961951
-8.38892621,-4.046235713
28.5944833,-11.42566173
23.13154028,-13.6786932
16.2075738,20.10390228
17.61350459,23.26671737
27.22348945,-11.49956932
15.26695011,26.19710583
-6.350860635,-1.554263638
14.79983482,20.10335578
-10.50223215,-3.034352348
-3.435737178,0.853802769
11.38692865,24.62203888
-9.226956159,-0.749472859
13.75563142,24.7269103
12.42484245,26.14930135
17.7657955,24.60358619
30.17105752,-17.01223797
11.77837676,21.35149114
16.23398124,24.58989405
-7.462564131,-3.607780749
15.23985763,26.71118108
-10.18592796,0.279922736
28.89726763,-9.966262198
-7.642682131,-0.150532492
24.8644893,-15.11301462
-6.524885832,-2.967099182
-6.493752274,-2.312141302
-8.791733081,-0.856747132
27.89902301,-17.62664729
28.77113252,-17.54690134
18.5982008,21.25265343
12.83209604,23.7134228
28.48316612,-17.74191207
29.68339939,-17.31239337
17.47354927,20.64549796
12.28281668,24.33622692
-8.07790785,1.659025154
29.73466097,-16.25148869
11.33721557,24.76070925
-3.436692223,3.033818507
25.77522865,-17.66976279
-4.242251202,1.687336694
16.17194285,21.82631309
10.98122619,22.14275395
30.99320846,-10.16810101
-9.807448002,-1.714568045
30.03958434,-13.59214561
29.03861971,-11.14433788
-6.052111703,-2.800502668
29.0575705,-15.86223701
23.10767775,-12.67658624
26.83999682,-12.72841829
28.44269564,-12.47558625
19.39954443,21.29640702
30.49504647,-13.33976869
17.45685979,20.91519672
30.37867664,-14.17899232
-10.75275035,0.35069176
-6.829719136,2.363429974
-10.73407901,1.46846445
-8.954050232,2.995452227
27.4540746,-10.73326048
30.29013259,-17.42815882
30.36042356,-11.12421001
29.55479526,-11.54495103
11.3897577,21.02060575
29.11476032,-9.950303022
-6.203822353,0.445903382
14.74104981,23.6560001
27.65819047,-16.23311357
19.15850378,24.58034177
15.36020096,19.7221285
-6.564698986,1.926267145
28.58784032,-15.69307108
30.42452594,-17.15950437
-2.202642785,1.505392537
11.69267923,24.81239432
16.03536997,19.36734362
25.57538798,-13.15732283
-7.912768152,-1.005500638
-2.86458703,1.90793121
17.95650481,24.47395394
-9.652154979,2.616235643
15.91369087,17.98852901
25.30357123,-13.72119086
26.15679993,-17.2717038
-8.900250268,-4.135427906
12.36183058,24.44836416
-5.643630757,1.548279781
-6.008568943,1.446263485
28.22088227,-17.4886421
-9.257569698,-3.36729775
-6.743901687,2.437052752
-2.020379115,-0.001263483
27.74311791,-15.81305899
14.24968458,18.18676968
26.51498445,-9.852231203
14.49819076,19.21018033
-5.337388644,-0.172361882
14.18606954,19.8189827
13.76558605,19.6378978
30.43046359,-14.08195767
19.28709393,21.68781676
17.10302935,21.72799414
-8.756579979,1.665202366
18.57492713,26.52791108
18.20888841,25.92371996
-7.112336069,-2.353261202
18.70756562,22.12607945
-10.36784488,-3.076221974
-6.044823861,-2.970789414
27.65800857,-11.42429156
26.32603524,-13.70604376
15.18831647,20.3404778
-4.022030349,-3.245505803
15.47213323,22.89619079
10.84945816,23.48766834
20.10960441,22.68440554
30.31363003,-16.27871891
30.78058808,-14.41350297
-4.720868704,0.336237122
28.55469339,-8.890670848
-4.803635881,-1.781810855
28.00436491,-15.85110093
27.99112982,-14.38742756
26.33650452,-12.51894605
32.63249674,-13.03539074
-7.86293743,-4.472995886
11.8056403,23.32893612
-2.842428287,-2.180903141
-8.912697875,2.296345979
32.0702791,-10.97332591
26.16360636,-16.31073239
-7.749636169,-1.33272953
-8.560076659,4.164784276
31.67313943,-15.56154894
25.68249234,-17.71281164
29.94604201,-17.38881025
28.74130585,-12.47058032
11.58403877,22.98236924
25.2272598,-17.10382663
26.25094147,-17.00588664
30.90481479,-17.04674735
-5.964204436,-4.714715824
28.24948251,-11.27327755
18.55399274,20.60690435
12.05473032,21.1772718
26.61132577,-16.79102216
-3.996062076,0.438211693
-8.194704709,0.18771908
19.34922701,21.72313785
30.84719276,-15.99206018
15.19204439,23.42046959
-9.427494012,-1.173350881
15.07435916,20.62234436
20.03686959,22.61945477
-7.908701036,-2.445145897
18.11329395,23.55097982
25.5508532,-14.35862338
19.73997825,25.3276148
-6.4122362,-2.954756278
25.95530047,-12.67058747
18.42550469,18.7132181
16.1317817,24.47531996
-3.459844439,3.393461604
-5.665497307,1.077890396
-3.489533107,-0.678035413
12.24587797,19.46880534
25.78978686,-16.27871113
-9.077747564,3.703311075
-3.030941438,2.093150743
28.68250409,-13.2698657
-5.489899727,-1.888219717
19.52450421,21.90879794
13.31785187,19.43846718
32.30404402,-12.24066795
28.60647238,-14.46892487
-10.68504681,0.328374695
-9.804440514,1.756375327
-8.423360459,2.046274128
-8.463873461,-1.643270307
30.81958761,-16.38339452
-8.77844142,-4.0080782
17.35694759,23.14521305
30.95779198,-11.31594612
27.48266202,-15.43260129
-7.246000962,3.26979692
-7.738581526,-0.22141015
29.26030905,-14.38952492
31.41866298,-12.23724465
23.75062615,-11.45420577
-7.455129105,-3.830685628
-9.267873531,-1.491800834
-9.02470924,1.473595635
17.35493306,24.92472882
-7.271624708,-3.569005282
16.08488988,20.5424779
-6.851228525,-5.195662433
-6.777026884,0.55876547
27.76489881,-9.466956359
12.34628328,20.08989261
13.64650752,26.7159867
18.80461767,21.99537169
-7.084005109,2.155702495
26.96735543,-12.89367082
12.81237966,19.44486594
27.0293893,-13.140098
29.27131449,-17.77168257
13.81537933,20.79124374
27.22917289,-16.50220036
12.80255449,25.43155539
-4.213104477,3.960523405
-7.863496272,-1.108158144
25.23111761,-13.41067052
-5.47779071,4.146135372
14.3144562,19.33972093
29.31096094,-12.09533247
-7.230319963,-2.021952013
-7.148820643,-1.153879892
19.55301217,23.0541272
-9.566373789,-1.14007697
23.65985117,-12.06583387
30.89320017,-10.75903341
11.60391685,22.13543918
31.25913653,-10.99437005
-7.456022526,-3.627612613
-9.92190804,-1.34082837
17.31620888,18.80067841
-2.193411684,1.243385973
19.45317284,25.46669769
-9.417719907,3.35387536
26.37014794,-14.97387868
-3.472248319,-3.341237642
-5.359933913,-2.568892652
30.82706291,-15.89290465
-6.158417045,1.428670086
13.72086099,26.53797211
27.47020375,-13.57082451
15.4089606,24.74275929
-10.60444374,2.069817095
-4.057747444,-1.275190246
12.49566482,20.81663254
17.38273818,22.97360009
28.98053839,-15.29981271
29.15722861,-12.94813736
13.26028669,23.89883988
18.07881425,18.74054303
-3.122963594,-2.185822926
-6.331918757,4.115701961
13.02448274,26.36644028
-5.873574231,-2.294993079
28.06620189,-9.051308596
-10.1242023,2.66368031
-3.97257923,-2.708475396
-4.542432999,-1.094325617
-10.85977401,2.189835501
16.13357266,25.31939361
-7.159986059,-3.348821084
24.65404598,-10.41681643
24.09783639,-12.03932119
17.28640138,21.43181899
19.11654606,23.86111085
27.20998087,-9.391611259
15.35347293,21.53513386
-6.039367093,2.269790785
24.60558621,-13.59898185
25.30676445,-10.695901
14.88313573,25.68950914
29.76050963,-11.0505931
17.42019186,20.25030973
27.21569601,-15.73305784
13.93040385,19.2191878
30.71308353,-10.97357107
19.29054382,22.07834531
-4.395000631,-1.456590107
16.49296402,24.50501217
27.29178691,-11.2115579
-10.35620367,-0.393327256
28.86275865,-13.000561
13.41259643,18.43683338
-7.883193529,3.657235378
-7.556061321,2.654487576
-4.580627674,3.814453378
11.99520201,24.60639399
-9.859581298,-3.80062771
18.36847475,19.43342697
28.70070716,-8.601375948
27.46087759,-16.53793116
-8.115506596,-0.584414003
15.9225422,26.28540069
27.64675254,-9.347266725
-10.19051071,-1.547811191
-11.11584397,-2.027191228
-5.681242027,-4.839063958
-4.251788822,-0.861558155
26.20157419,-13.56673043
26.43667553,-17.82873457
16.25819101,25.15782689
-8.183847162,3.598896279
27.75238047,-10.38543715
-3.326446183,2.310355512
14.6888854,25.48225833
-9.210789714,0.004519195
29.21495716,-9.874890632
28.50129063,-8.989507735
-6.947431262,2.765884197
-6.13373538,2.962376285
23.24310532,-12.23031916
14.42216847,24.50559502
-3.478520365,3.564644195
-1.925906135,-0.676799611
25.81398529,-10.46055041
29.52602623,-14.53647004
-4.078545925,0.688703037
24.60636083,-15.0911394
27.44847695,-17.81015649
27.86724944,-10.29565969
18.59611965,20.15176862
28.02050745,-10.96121484
27.19981563,-11.91673124
16.28999472,26.28163096
13.11877032,20.12140513
28.31710656,-11.04285204
30.12030597,-17.65322705
24.8924505,-10.26693696
11.37280391,20.20639103
-4.119596063,3.332591575
-10.22825986,0.826553167
19.32711597,21.3396309
19.70784488,25.42630025
24.06545767,-11.53457978
-7.06174183,-1.958500014
-9.314548402,0.728150991
-5.181145264,-4.21501613
-7.17458524,-3.009603184
26.59403,-13.96295864
-7.077272635,-3.127248401
20.22777779,22.4629172
13.04585906,22.87323586
-4.252806892,-4.428635908
-5.882609674,-1.676287003
27.22252957,-15.60905317
25.45125418,-12.37586365
-7.440198643,0.058671302
16.72673043,18.35919841
27.3936533,-14.82248579
12.47963745,21.0269544
-9.315950649,3.486365385
-6.910183911,-4.491223777
24.73486573,-12.45337518
31.4016437,-15.93243885
-5.33918685,-0.985064116
-10.17092121,-1.926705294
15.13474469,19.6913588
-4.506701573,-4.385359041
16.20362685,26.44937719
-7.943652931,-4.409063091
26.96011377,-15.52263782
27.62426301,-11.68193758
-10.30296677,-0.407919753
13.84485041,18.8145327
25.39552464,-11.20917512
12.01813981,21.6578333
30.84200176,-12.07574946
10.872818,21.34285302
30.27290575,-15.31463217
18.34524109,18.33341717
19.35180043,20.25799243
26.52921135,-16.95982173
24.81567131,-10.3395652
28.61431671,-14.19617261
28.96963255,-11.87441525
23.70419814,-15.91247276
24.22014328,-9.982454727
11.94147062,20.31864365
29.97626811,-11.64178139
-4.520989416,1.379091879
-7.914407533,-4.577873265
26.84201582,-12.76080636
18.27961859,22.9513548
28.01142919,-8.809897774
-4.328543977,-2.537724201
27.51050482,-17.58479777
12.56332857,22.25392467
-11.01294345,-0.070295595
-3.367146596,-3.8028287
27.73163116,-11.17715715
31.18190627,-16.69490353
-5.958837624,1.411168943
24.07121779,-13.38182468
26.94148601,-12.39187404
16.70716382,25.29116159
-4.16862701,-4.03528213
27.80021909,-14.0008332
-2.962026684,0.040288234
-1.840423858,1.015018891
-2.735536995,1.094739085
-7.078746526,-2.030443893
17.16168786,20.26042601
25.69789307,-16.53924507
13.87098882,20.88454195
24.16177959,-13.81092648
-6.522686962,1.919931638
24.62845761,-16.61122097
24.18086116,-12.69076635
14.96603882,23.7934434
14.11706385,27.23631753
29.87110727,-15.39374675
25.42343255,-11.74158561
12.46450588,21.1286324
24.48687933,-13.85203398
28.19805112,-18.20492893
-4.644990663,3.028037746
26.46775847,-15.83751151
30.74239393,-15.48687291
28.44061056,-16.99093146
19.40239577,21.75832399
13.0683355,19.95414958
15.7354931,27.12245824
-8.410906038,-0.868244285
-6.915965577,-1.912647681
-8.939906729,-1.121388933
-4.595524614,-0.832881757
25.05628848,-10.39047177
23.65144554,-15.57097864
16.52673214,18.45001598
29.04829621,-9.942692153
18.80969168,19.61061565
-5.28668145,0.344647506
32.01872949,-11.37339851
-9.143525401,-4.282085055
16.9945474,18.32317723
31.46091812,-15.71391017
-3.509547494,2.552248769
17.02347991,22.70758992
14.86103091,25.1621934
15.9813215,20.84841308
31.08981137,-14.74005379
-10.35156493,-1.170810986
26.57318774,-15.30994453
19.183484,23.91685578
11.9686603,21.15629885
16.5539956,25.10862591
27.50074824,-11.18158963
15.43081672,21.85506172
11.45633199,24.33725223
23.41526713,-14.15366422
25.67254442,-10.50678755
-5.189861254,-1.527483011
18.64114786,19.83890614
18.21401862,23.90865922
12.7510501,24.26593938
32.06021465,-15.4617113
-4.715011978,3.211427729
32.41067443,-14.41529903
18.89137289,26.3086948
25.51092206,-9.296691046
15.49013087,23.29986474
-8.150533658,1.809851771
24.27475326,-11.8440739
16.3307142,25.70971178
23.91528374,-10.61619521
15.10695964,21.46511719
17.94039447,23.31752556
-10.51429308,1.998626903
16.2530217,26.80476983
-6.547106251,2.326807728
32.29584062,-12.88560536
18.88075369,20.36990565
13.9357809,18.13358471
26.27879917,-12.95333883
12.90112595,22.24954868
-6.04099444,0.220910325
-3.309764478,0.996958342
25.98762499,-12.10094968
31.01635155,-15.06368613
-2.439799819,0.518567494
-9.707391745,-2.442839426
28.1433477,-13.10831525
-10.51886377,1.517427159
15.57825805,18.82627381
24.21868075,-15.10009213
-7.09898543,-4.749917122
17.7764136,20.07692755
29.197998,-8.703289718
17.31493365,24.94208737
23.38644683,-13.93656585
-4.673289994,3.485628013
12.55000309,21.59670385
24.67961247,-16.71075684
-5.348401977,-1.250269779
26.3307546,-10.23679493
-6.518865278,4.056418632
-9.326796837,0.46118038
15.97381691,20.35221708
-7.660719042,1.412777149
29.52918883,-10.83506091
11.42793262,21.4300682
24.57235677,-12.587699
25.61952932,-11.59259715
28.6402115,-16.985541
26.67983962,-18.08666424
-1.840903319,0.563948519
16.08238787,27.17464794
14.09173474,23.48329413
-9.780919488,-0.692597493
-5.741532989,-4.373567228
25.60293214,-15.00504841
28.15225944,-13.34170307
14.79197698,18.47515605
31.88281756,-11.03572078
-8.100109644,0.505497661
27.3730844,-9.401145903
29.87546301,-12.45034295
-8.399319343,1.630508504
-2.005804428,1.469656338
24.71448796,-11.31424918
15.09906313,22.81692146
27.50414563,-9.153302487
24.6678642,-17.21700013
-2.95259588,-3.528115035
15.88621138,18.39323528
23.18321976,-12.87845591
30.98815088,-15.93203087
13.73419672,20.21528743
19.66386747,24.94150885
16.23853941,20.64941089
18.76939166,22.10383406
-9.087032927,2.114363944
29.79858106,-16.30176967
-6.984887394,-1.376128102
26.71711514,-10.71916019
26.31564174,-13.18191051
-9.746296849,-4.088891237
-5.699746982,3.189553147
26.12604321,-9.534278595
12.31648876,24.78074515
-7.297816879,2.499690943
17.2954416,22.59817124
28.98849175,-16.10883172
29.11949441,-12.07533342
15.4212304,26.58588156
27.32362022,-15.75484533
-2.878963314,-1.400323636
23.88133009,-12.99204065
26.27946784,-16.80978159
15.42123578,20.53829177
26.47830483,-15.81077104
29.25761474,-12.26939729
12.76438727,24.06751705
17.01351282,24.21037532
-8.89693703,-3.746467765
-9.910809292,-3.24506046
30.39890994,-14.74307505
27.54313013,-10.20723816
32.02602415,-11.69725923
14.75994054,23.38311226
28.54832455,-11.26893524
30.40650922,-14.94032026
20.56880092,23.52663502
12.34573587,21.72244931
15.39415247,25.86088043
13.49162656,18.63273534
-6.088161425,4.666075127
26.90959017,-11.5860911
23.19206852,-12.41283608
12.33689589,23.49856879
15.64166024,22.26663361
13.58383054,19.38134549
20.48153507,21.86504535
29.44444173,-16.00749892
23.88090834,-14.40187139
-5.444573385,4.30803687
-5.318891698,-3.910908468
18.60230557,23.56266405
30.94145339,-11.13349071
-7.689698512,-2.025517223
29.04005196,-17.80366901
18.11212302,24.98625892
-6.795167806,-3.518620181
26.43183208,-17.67424066
27.65845364,-16.74123564
14.50971544,23.5507946
12.9727404,22.80699384
16.06035043,24.29943042
29.22299644,-17.27954968
-10.49046804,2.108982865
13.02175846,26.65710282
-3.36004353,-1.387912002
15.20032255,22.92609355
16.24669798,23.35530052
-4.308860692,2.310649682
14.73855112,23.57137811
19.55005796,24.76897421
-4.636724959,-3.577702921
-4.722445548,1.923822658
-3.808191943,3.239537055
26.06864803,-12.87522237
17.37287366,21.10589692
-6.008016384,-0.684623557
-8.075842971,1.179973627
28.62158287,-14.26394489
12.86447453,25.82763062
-5.693503107,-3.18356099
-3.649703352,-3.984760396
-6.149109061,2.900160305
29.13383736,-17.83469555
17.16016956,25.62536622
17.11923355,21.75539008
-5.880831026,-1.55275744
18.65464524,19.78838919
25.91060066,-16.73250545
17.63605586,22.31397687
-7.955073446,-1.306041962
-6.043241709,1.516985702
16.17612364,25.64389666
-11.08318549,-1.226107318
18.63510082,23.62203816
29.09898729,-10.8214705
14.73583696,21.90350654
16.7283947,20.63865793
30.46092107,-17.56411216
-5.312004034,-1.356533667
13.25619932,19.6091666
-8.333770214,4.007504086
31.31364948,-15.93227018
-2.471412018,-1.021591887
14.84555564,22.98486465
-2.312466664,-2.158823366
30.12902217,-11.00315281
30.61695535,-15.00924415
-6.007905982,-2.975151423
13.77413352,23.65534631
26.45839818,-9.167899531
17.6601207,19.906403
29.67958571,-9.828270262
17.40299879,18.51636636
27.68764802,-11.9426708
-9.341873207,-2.052654992
25.52607848,-15.05452541
-6.620141599,-1.549235007
18.96620476,19.69097136
13.31486011,25.53387413
14.96157059,17.60897466
31.32623744,-16.29695737
29.9725712,-9.00794218
15.97214736,26.59513194
14.92854513,20.29971861
-7.340335933,2.541298715
31.85876146,-11.4634126
29.25857546,-17.71701336
-7.080489348,-4.832666661
24.36352243,-11.72517625
25.89860679,-9.516185206
19.11156742,21.59511743
14.08174333,18.28394337
26.88143732,-9.269885445
-6.885392881,3.656340417
11.37548316,22.63954073
-3.543200493,-3.996373296
30.78029861,-10.39896244
29.37056418,-17.72193339
-6.023131989,-2.328348288
-4.397479177,-2.91063457
29.55235881,-11.03001162
12.59942865,26.40995043
-6.75508641,-4.868958345
-7.815906104,3.480536333
-7.303273665,0.427393653
15.74896497,24.74015699
-4.56939322,-1.938158411
16.00944616,19.51955044
-4.728827176,-4.03300538
-6.377397896,4.392124452
27.03726605,-10.4945449
20.02752661,24.51296345
30.04417263,-16.9210562
24.93699695,-16.46277152
-3.046797953,1.034705622
27.28688338,-9.367549678
23.52318113,-11.3749657
-4.022844994,3.656564458
17.45612587,27.03145241
12.82197243,19.72399431
-4.919829124,4.007723615
-4.002396351,0.646063095
27.73174719,-17.06250945
11.83381452,24.4392921
-9.6855842,-2.319431627
30.4071912,-16.50073526
13.83989483,26.85197011
29.81042814,-15.17808546
-7.258866793,-2.173617407
28.29799774,-17.33352822
-8.134598106,0.398826643
27.92298987,-11.53847375
18.16972847,20.34732065
24.47103109,-10.55625064
26.35417171,-15.6321402
28.01930549,-8.504213826
29.58540456,-10.33252623
-3.423978579,3.318674942
-4.177898718,-3.047264901
18.25743709,26.57303561
20.38145076,22.79738529
13.76997196,18.70260504
-7.034282927,-1.036618935
14.24666713,19.03368914
11.49019262,20.33490277
18.00431061,24.61862976
28.7464434,-12.18353168
27.10259767,-16.14037684
15.94346078,26.15956224
30.32825833,-17.57572821
-7.409869665,2.360008267
14.4001291,20.26805257
-3.866635553,-2.568968726
-8.817959853,-2.992822569
-4.250845891,3.851470772
13.1402814,23.30230668
23.76210802,-11.79716883
18.98909627,20.59515875
25.99298293,-11.62062997
27.62954382,-15.00058498
-5.946374639,4.531633148
28.38093527,-16.76567272
13.71545217,19.09994862
25.97551556,-15.61272218
14.73102945,26.69172966
15.40186943,20.86487759
28.29532537,-11.07038639
-10.73774507,0.978202403
-3.52243388,-2.443684717
24.11263547,-15.96267034
31.51679118,-12.32386149
12.96027746,24.39301951
31.56919942,-14.63577946
26.98263075,-12.31563106
17.42953339,19.5139487
26.59924047,-10.17864586
-9.41855136,3.912082037
-5.679851016,4.496565118
19.74724981,22.87869106
-10.16684729,-2.164104917
17.5966069,25.37428441
-8.834584367,-4.685591325
-3.458618049,1.831185361
24.07551619,-12.59671318
17.42929542,25.23397292
-10.64175855,0.534453824
26.47528672,-17.19599351
-9.579566652,2.398081642
31.35767388,-15.24786042
-9.076840737,2.182055209
14.99047286,19.60423714
-8.4751639,-0.328916556
-9.620145962,1.054562043
11.12809984,21.26210578
31.7634023,-10.99337689
13.59972094,18.25265216
18.97210388,25.69233367
12.54897512,25.47872121
26.69108195,-13.85119918
-4.837962227,2.583740571
-4.568665169,0.142819713
19.54320137,21.77788219
-10.39437984,2.201062915
14.53327407,24.36916104
-3.367989764,-0.817524234
-2.767135768,-0.683094148
28.94529781,-16.58115395
31.07697209,-10.34621543
17.93837654,20.50401532
-6.722825526,-1.283765373
14.86253352,25.05899456
25.13649245,-15.52622876
13.14936761,19.2997894
15.44862244,26.44317404
13.9699724,21.38358199
12.88710992,24.94985082
26.48181647,-15.31364612
25.75421264,-9.310927994
29.71054435,-15.30960773
-6.528551068,1.442982345
-5.332634514,0.161911098
29.43637388,-15.11725257
-7.119025863,4.156571879
29.0519841,-10.93908385
16.49418167,18.95129695
-5.949629328,4.51661235
25.87487737,-9.314092625
19.37235401,21.63355104
15.23564365,22.7165419
16.02727272,26.32663508
29.97326187,-13.22761999
-2.762452536,-2.452677341
-9.846433036,2.537772705
18.91434738,21.04109036
29.5742501,-17.69520087
19.06200755,23.32530433
12.3611135,20.2046082
-2.610968492,1.10505416
12.52112093,20.68929164
-8.668485204,3.7526796
27.8016361,-17.49026701
-6.112469918,-1.98161926
19.2439309,25.58284052
13.37575454,19.80357875
28.28325777,-13.71645225
16.02218364,27.00997469
12.69175247,22.15016541
-5.797593353,-2.880553249
18.16048644,23.19917559
15.9768714,25.5409023
15.39635494,26.53657479
16.32762233,19.03033555
15.68382762,20.96051148
-4.089845435,1.324539936
-4.852278728,2.914284747
-7.83677273,-0.239781111
12.46225425,23.89725997
-4.684607313,3.585724103
23.93701779,-10.37671775
-9.610517714,0.292520057
-5.592415371,4.301098643
16.22403935,25.02158157
-1.872049866,-1.530697165
11.95782855,24.98617158
-7.745252199,1.665580529
19.25063553,21.62996277
-6.892022529,4.413766002
30.00266078,-15.6483469
28.32473643,-8.807575832
13.51397596,22.30753661
15.21519811,25.35852864
27.33811148,-10.21675181
17.44690477,19.83898712
-9.169417428,-0.092545315
-8.556565618,-3.516165158
26.69590193,-11.6178299
-2.919732709,-2.790685896
25.02998267,-12.73583836
-7.587764304,4.146316983
18.02629278,24.42117624
-6.256387453,-1.384079197
29.54093882,-17.06080026
-6.128191666,3.02976793
-4.262473144,-2.610459069
26.51051528,-18.17796732
13.53076131,22.90231143
16.16586778,18.65084528
15.17349136,26.39099687
18.89762119,19.78519146
16.55600089,18.94043018
13.09174246,23.89934833
13.17601072,25.93660582
-5.821274617,-4.462594546
-7.248092402,-1.142840779
-1.919969998,-1.462183058
12.42759184,23.6601783
-8.189350122,-3.803032849
-2.670944386,-1.362930109
18.57566933,22.57790607
19.72963166,25.40519575
-10.90260529,1.444954355
-3.598259437,1.202185702
24.01155458,-11.30838095
31.32873387,-12.44591932
14.72385192,20.624985
14.86920447,20.62020165
13.65544848,22.2262282
26.70415799,-8.641865415
-3.954173024,2.078801573
-9.857592978,-0.918766266
-2.370035316,0.969418771
23.68673269,-13.39060379
18.87628079,19.20960344
24.2921184,-12.91517206
12.00023691,20.70129994
-3.535191434,-0.47115953
-9.117541272,-2.627080776
14.41148175,25.77288014
29.2357875,-14.06188409
26.61374381,-9.825802006
26.55640146,-13.55083273
29.1791962,-14.66683232
-11.30379915,-1.838229264
32.24580553,-13.61414332
23.83202249,-14.12975033
25.55375671,-16.93553908
20.44714017,23.92987771
23.48769063,-14.54882032
-9.564870189,-1.93388399
10.78974598,22.16521025
-10.36770802,-2.505374213
25.06666063,-12.84942337
-7.981034841,4.433912374
30.11654755,-10.3169659
-8.526817997,-1.238967083
-4.446890086,0.622844581
12.55372633,19.61883991
17.16207407,20.2031795
12.94963403,24.3078132
-4.693968258,-4.396939991
-4.685257874,-4.478095072
17.29429569,24.63667395
27.43064903,-17.57882224
13.163055,20.47853684
-8.672756195,-2.766573516
16.41856527,22.49882323
-2.009614601,-0.472351679
23.85346634,-11.38657546
24.89176574,-13.84757408
25.41264038,-10.29079531
-6.795504642,-3.498410561
-6.639201077,3.091548497
16.22049737,19.99189339
27.37389919,-14.20198735
-10.39447705,-0.545377646
-10.61537573,-1.707316492
26.27529119,-14.99483753
26.45887552,-11.7730721
-9.207536376,-2.249667754
-6.585525828,-0.144716627
-10.81448435,-0.775497615
-6.573605073,-1.347935774
-8.794926635,1.434312677
-5.492522893,-3.319332965
-8.719233855,0.301823067
26.72909514,-16.2678263
25.48880446,-15.30159938
29.30631716,-16.9929896
30.55395861,-10.73219303
14.91888606,18.74089173
-9.060554358,0.565218757
29.08359874,-12.0711536
12.39319098,22.70921823
15.58124611,18.79290456
-9.32820442,-3.261369525
28.58124125,-16.4211953
-2.412362965,1.444528055
-4.568733469,2.588550115
11.35132768,24.42024339
29.00547255,-8.592302902
27.19588578,-17.52884714
-6.821537157,0.944989339
30.65564471,-13.27794829
14.9590072,21.33464296
24.01826849,-13.61831538
28.90356795,-11.41280342
14.71044696,21.68605312
24.26850238,-10.92746746
-6.322992778,0.387274563
-2.968854384,0.518624473
31.18846351,-11.80050916
25.65631362,-9.482655934
30.61451918,-17.2066712
-5.837258748,-0.293201211
-2.907727437,-3.094620744
23.57731386,-15.25184821
15.5463045,22.27459079
-2.845773362,-2.724325096
19.73105659,22.69942821
-2.982951966,0.68816634
27.18082199,-17.18148398
28.60128136,-10.69761221
24.88362993,-17.39607738
14.001267,21.4998753
-4.032673776,3.695835908
12.05972107,20.14494399
27.04750702,-11.14927815
-8.634056948,-0.91248204
14.91962814,20.40019803
-7.547945269,-4.794132776
-3.71205554,-3.396050202
-7.279482311,-0.582213721
-4.637819147,0.548919537
13.32751414,20.94919311
29.00780997,-15.95026642
-3.211179559,-3.42099799
13.16732108,22.64408914
24.42343619,-16.9393246
25.23767094,-14.05440365
19.928682,23.73112238
-5.70132755,3.003429629
-4.801108303,4.001583659
27.35364788,-17.72806871
-4.982636803,2.375686389
27.42516818,-13.57183067
30.39643104,-17.01349875
-9.376893478,-0.312268583
29.24666313,-10.83984988
-5.994012508,-3.924525079
27.89789368,-14.50898257
23.38890261,-13.49695791
14.56085226,26.68317219
-4.392395899,-4.500904207
-3.717099702,-3.084877246
-10.85903597,-2.169017112
30.36887803,-13.57791171
15.54789282,17.59387208
-8.656931391,-0.416606262
12.70397339,19.6530668
26.61863137,-12.21166977
-6.737878861,-2.739384441
-5.241975093,-4.714311066
-9.053168391,-2.687607306
-8.936508231,2.073744975
27.11940362,-15.28085776
18.15112998,22.98931083
-9.906504822,-3.945987218
25.80738766,-14.16541353
32.304074,-14.10188089
29.25148183,-17.40234574
23.24676431,-12.77544099
20.5485261,21.99643404
29.27801373,-11.7205241
-11.1412652,-0.748692843
-5.831774631,-2.615763339
-9.450568123,-0.714739199
25.5253398,-15.61666137
26.78573261,-11.74303622
25.03423799,-16.20348017
12.77567686,20.23112099
24.20143021,-12.1603316
-7.591561995,2.373373376
28.80019464,-16.17250501
24.79928323,-16.32405023
28.82106805,-8.606152718
28.17639896,-17.07265116
-6.797916608,-3.529524035
31.0505919,-14.21794321
24.93516666,-10.35949558
27.60939353,-15.26428567
25.07711143,-9.59477296
13.97928924,19.84328794
31.32309215,-16.33579026
-9.004809368,-3.737167999
12.29471287,22.05525689
15.06746337,25.89849716
29.08615287,-16.87569316
-6.346236462,-0.767838358
25.75320699,-13.26570527
18.1623622,23.24736313
29.69921053,-12.32246435
-9.879151971,-3.350899486
26.67332713,-12.29252511
-3.192745172,-0.827093395
27.61359976,-14.83080928
30.72582433,-17.36724546
24.47219691,-15.75581715
-10.43061502,2.162351334
20.08014473,23.82505222
13.55736093,22.01287602
24.5578169,-13.5730244
-2.599674263,0.492924726
26.25958335,-9.750023162
30.39872717,-16.08975361
15.71815861,19.83029629
30.70925411,-15.08804433
-9.753166956,0.181683844
25.72669447,-13.57730999
31.78952898,-15.4521018
25.514025,-13.049929
-6.775517556,1.755910006
25.79924767,-13.06378541
-3.297452037,-0.838756809
15.43365192,22.07759494
15.60433691,21.22352918
30.88433192,-16.72374958
-5.104674159,4.125532653
13.97986681,19.74279854
14.06944258,19.80652516
-3.905987934,-1.173560532
19.50459461,21.01250537
18.30404662,21.46537881
11.37203995,20.32801767
26.64671065,-10.16544689
28.85743866,-10.97779944
-9.480439102,-3.971028983
-7.458926349,-5.111814254
28.13402214,-8.729244169
-9.47258299,-3.427038492
-9.034502944,-4.278426772
15.08963368,22.2429833
15.56981909,25.05450756
32.40775004,-12.70788143
-2.512724557,1.096810819
-9.106560043,-2.29198729
-4.817581856,2.13338834
-5.041574578,-2.097847723
26.88644175,-12.36772294
-9.561950749,-1.300944591
11.95541439,20.48503478
14.41281815,20.29602654
18.29582555,22.22811306
-7.735468113,2.454152056
-9.832600694,-1.045069868
26.80533164,-17.33607075
27.52523984,-17.4124471
16.05098273,25.84113316
25.5639618,-11.14222832
-10.20677391,-1.648023685
16.5230219,20.86458495
17.44040438,23.49716343
-10.861471,-1.466325963
-9.857128794,-0.114876117
31.48984842,-16.18015694
-8.080244604,-3.852191925
-5.131533491,-0.413210544
27.81266294,-9.750691265
-2.488121886,0.454173431
26.55386366,-14.7732228
12.51083483,26.06400987
26.66694178,-11.8392699
-8.924587282,0.961956118
20.53021688,22.75957694
-4.076123521,-0.92907335
-4.60223235,-4.581668464
-8.1374631,1.804146196
12.59966385,25.79141192
30.97607528,-15.64852191
30.16129356,-15.43249013
-3.090930185,-3.036501411
-10.94863143,1.30116553
18.46685839,19.71178242
12.63310935,25.84697277
31.61026569,-15.2592557
20.35658756,22.20647297
-10.34047324,3.001283886
-8.253164376,-2.710785352
-8.040103201,-3.080872364
27.80473723,-12.06031089
24.56215497,-13.84555738
-10.10924217,-1.259753877
25.87026657,-9.962915773
24.7582429,-12.21607928
-5.967472238,4.363459829
27.83741846,-13.33596098
28.31373129,-10.51933154
32.52307132,-12.57228619
29.84933852,-17.40441687
-7.784582652,1.874557441
25.23267135,-12.8245083
30.24848522,-10.46325948
-6.526149701,4.5581494
13.34085579,18.28769136
26.48304485,-17.99038633
-8.923758021,-3.459175081
15.71531212,18.08366489
24.65875828,-11.63541524
27.53755962,-15.32680605
28.70977684,-10.16742395
11.63556088,19.69124511
27.27677784,-15.39690951
16.96768562,20.33499386
12.919401,22.54558988
25.48426345,-11.2812068
10.90710717,22.84197577
25.01302213,-14.34298982
19.37312074,19.65230963
-10.69893269,2.607347246
14.36447791,19.59385687
17.3162628,22.72238798
27.63888606,-13.90233808
15.54203262,22.40396708
-5.602902985,3.602656892
17.86210805,24.6093171
26.82894707,-9.396734051
26.70088712,-11.14012846
16.3793833,22.87152997
31.25026356,-16.59845061
11.95258549,22.87511258
-8.315878572,2.132661242
-8.235683108,-4.723284299
12.21938899,21.18802022
-11.58418651,-0.777490642
26.54235389,-17.5182311
-4.720638544,0.626898135
-9.04122639,-3.160742524
26.16244935,-16.20716835
-5.152001143,-2.380273379
17.83976059,19.94202013
18.33766981,25.7666016
-5.448034157,2.643462348
17.81342284,26.35213124
-4.749078848,-3.750607189
-5.690292064,-4.710362469
-8.502473746,1.681619771
23.6654155,-14.46939148
16.8406999,18.06214439
-8.093421966,-1.431285336
28.26768307,-16.11627705
16.38970915,27.40720878
-2.803745015,1.37908267
19.92631704,21.19136254
14.9310451,26.68084935
-10.24825816,0.079236487
12.27352451,25.18077706
29.04886052,-16.29617722
16.83892767,19.30150058
-9.456285602,-3.967059769
-7.81781064,0.78931555
-3.021225927,0.908186963
-6.143549154,0.704839515
14.40881287,25.05340406
27.13528821,-9.541567852
16.36438547,25.86530324
31.56338869,-15.84027627
-9.818508869,2.41501201
-2.584346044,0.317370891
13.51664933,22.85345223
25.93645078,-13.93270033
26.32080657,-11.83931363
-8.853259121,-3.54237289
15.96538228,18.48840101
-2.453187476,-2.093729526
16.09999413,26.13396262
24.70055603,-12.11945369
15.26664023,22.86943974
30.08159916,-15.49980386
31.850374,-15.21917779
28.51579177,-11.5924819
18.08236283,25.48010815
-4.957684605,3.22038347
16.45750258,21.14737155
26.06668234,-11.75483282
17.88072136,24.74267986
-8.088429239,1.617547198
11.87602094,22.5964447
-4.869892284,-4.284941749
15.25650719,19.44628475
11.48743727,20.05686534
12.9540733,21.94308184
-4.637896917,-0.543981826
19.6293695,20.23607899
11.32890507,23.18818724
29.5665852,-14.1421593
25.90669609,-13.87466361
15.88611502,17.76496154
-10.83861348,-2.149664338
30.90875568,-13.38935183
29.81128082,-10.65897853
12.83292724,20.31152923
-8.92356409,-2.644320764
-5.47209933,-2.539914556
28.7852167,-14.16860372
-5.013640625,-2.671797774
-3.119005405,-0.911724842
17.11950213,19.88995693
24.89532185,-10.47776652
16.71856565,18.09879881
-3.001889423,1.091850286
14.21912495,19.72505595
28.86340871,-16.21685076
16.33538778,21.97300629
-7.628365949,2.801999552
31.19839599,-10.63193173
15.51966294,25.0063429
24.72976275,-13.99270109
30.18617572,-11.89693155
17.06755542,19.46030115
15.94691266,20.73934784
-3.928841609,2.577728409
16.65324845,20.10605395
26.24116638,-16.11731282
20.10876718,21.25432606
27.12104338,-14.89303477
18.09675819,21.46705352
27.34744494,-18.06752838
15.40831172,22.52368157
29.97386402,-13.56846419
31.95921424,-13.61505462
-9.1556049,-2.086902157
14.82336926,27.08740828
-6.634843444,-4.968242605
27.26763746,-14.12707374
27.65544313,-18.08602714
-5.840233757,2.103650141
14.29926072,24.29430584
27.68397704,-14.41309085
13.04475943,26.0472305
-7.819504696,2.063916869
15.66804656,21.75087038
29.13742921,-17.44420639
23.90969149,-12.61705273
-9.335635347,2.89924709
29.40362272,-10.55542011
18.66238995,18.84004299
-4.959903149,2.47341193
-5.209421255,0.131140103
-8.013261727,-1.747192585
27.44782441,-15.33917916
17.09314704,19.25878362
25.52018405,-16.82857878
26.69997343,-8.957202767
-10.75272473,-1.980547657
26.62046822,-14.72695554
16.78724806,22.78187878
28.00004945,-9.960269391
28.13166824,-11.46180234
-7.38956089,-4.066834271
11.06505771,23.0972755
13.01029989,24.03811909
12.12975018,24.99141273
26.81765311,-15.49254665
-8.629375497,-1.600298356
19.31530145,22.92177848
-5.427026569,-4.37611389
19.33743263,25.57320909
-7.843677919,-1.811427411
26.53399818,-14.68886417
-6.98337291,4.267504272
15.13652154,23.79023355
-3.228660369,3.391301786
-8.705251027,-1.435247495
14.0323089,24.96794666
16.26388515,27.05544083
-7.450978212,-3.69817433
30.32738479,-12.09838653
26.91867168,-16.74508666
-9.931953958,-2.508026784
14.22394516,21.08060919
-6.938964998,-4.071343128
-11.01703226,1.407176596
13.63946241,20.48633566
-10.57471834,-2.741525193
25.54555641,-12.60575965
15.84413002,23.64524207
27.15009463,-17.00874752
16.52539357,21.98888966
11.61972826,20.47976729
-8.771419783,0.0025009
-6.075395291,-1.939032699
29.62982225,-8.842150751
26.79305215,-16.44727205
-9.917866066,2.763792511
-3.792564422,-0.133593557
15.0999307,20.01488613
16.01329737,22.00543494
11.73175893,21.00875738
-8.547907926,2.832541017
-6.805921304,1.834894317
16.41046286,23.59594065
-7.155741709,4.684664789
-8.876801778,-4.141686009
28.64592358,-10.50522346
19.04495103,22.67577434
29.00472795,-13.34704844
26.82709073,-13.20503812
16.97821189,19.90554666
-8.739070661,-0.704681113
23.09732867,-14.95991785
-10.24939653,-0.585284121
18.49692115,22.26807312
28.53488953,-11.42075654
-4.21831192,-4.140796927
11.24804217,23.86372864
28.21751821,-12.87189879
12.78852583,21.87683619
-8.695036972,3.419147141
15.95280798,20.6555251
-4.458654881,-3.332648227
-5.92347814,1.24180001
26.76078273,-18.21313503
29.38359904,-10.0318193
-6.310148566,3.220901715
11.88257763,23.52298058
-6.853550809,4.077099728
13.16538503,22.14101231
29.21051316,-10.31385907
-5.629366874,-4.741365159
28.9121474,-15.67146827
15.34919144,24.54321121
11.68090403,22.58682822
-5.950993892,0.495200532
24.3159923,-10.13245204
-8.250770653,3.930711028
16.46775759,17.70724016
-7.285193514,-1.774715322
30.18966867,-10.21306625
-7.919634257,-2.226009296
18.61321096,24.26391558
-8.845676383,3.266648227
27.32975467,-17.1600367
-5.289406629,-2.235017542
27.2288073,-11.08670936
28.90527778,-13.36995579
26.85094749,-14.55008868
-9.84244566,1.620388517
14.04396668,23.9783225
-9.60670273,1.686687171
30.92643933,-15.94780623
-8.908459972,0.284843586
-8.315803438,-2.481970185
16.28993808,18.12192054
31.55253442,-16.6390195
-9.936458498,-1.108117297
13.1407556,20.72256095
18.76988245,22.90226501
26.28830454,-9.946667527
13.49675147,24.94434441
-3.655016745,1.08515473
28.36918806,-14.15775072
30.64472007,-16.83481063
16.48170987,24.22288842
30.14785112,-12.37282669
-6.127530245,2.998208961
-5.837368305,-3.939309178
-2.962971807,-2.332466468
-7.669813942,-4.096070991
19.71612301,19.91164494
14.48904455,25.71991374
27.44146531,-12.42961818
29.42528688,-13.97224984
-8.203835416,-4.131909374
25.23525823,-9.754428631
-7.465048598,-4.860740438
30.41578364,-14.11729281
28.70679557,-14.00286584
27.19780035,-12.16011649
-4.062973179,3.872066475
26.72078001,-9.648237247
13.91028968,24.3718795
19.26005038,22.02322505
-7.06339143,2.680659849
-8.017649041,3.471199381
23.3217616,-14.54727046
17.55057407,24.13800063
-10.95109614,-1.207076736
17.40042487,19.40120405
16.88516051,22.51093741
14.74112999,18.03431809
14.1520397,25.61019294
-9.250327071,-2.540106337
-3.335994505,-2.47778563
-8.529389638,-3.611861192
12.92332133,25.42016517
24.47791136,-12.40358823
-9.29020757,0.492293878
31.66406436,-10.74976434
13.41780844,20.75774412
-5.348360835,-1.156815715
-8.376661301,-2.000837397
31.83000104,-12.62281067
19.01536728,25.4831593
-6.669121409,-2.013000861
17.5329456,20.89154512
25.49686686,-11.47228091
18.69279443,22.29089109
13.53273118,20.53852116
26.07432015,-8.864849933
15.3564266,24.95823506
-8.289668543,4.123753947
-2.380601939,1.282136024
28.12907169,-17.37726573
29.22233134,-11.02741289
-9.646067489,1.949351763
24.74306114,-13.13101277
24.29865148,-15.75017266
27.31649531,-16.87491457
-6.288793903,-1.238047296
15.01426169,26.02648941
27.6604604,-10.76022247
25.5826962,-16.98619183
24.77015084,-13.63023854
17.9894073,19.87954577
26.04202396,-17.89934804
-4.601749866,-3.256996036
18.48172496,23.44057152
-2.769799482,-2.986383699
17.77869924,19.71932523
27.21645743,-15.85701484
18.3386919,25.71582652
-4.763141137,-3.505902694
-2.691192491,-2.073107225
-9.547055124,-3.623815153
12.52546832,21.39285953
-10.50693745,-1.323123333
13.67034179,22.62395326
16.88690084,20.90274717
-6.859610565,1.94073922
-5.470779074,0.564652804
-7.464163084,2.188219892
24.35608565,-16.11310012
-9.190676944,-2.299816373
-5.370354344,2.160527407
32.49472176,-12.71985408
-6.025840523,-0.133744397
-3.859909154,-0.555800368
20.60524766,21.71254275
26.9050164,-12.3995383
-11.0614045,0.997600844
-3.648166154,-1.796151545
16.36666019,25.718532
23.10117626,-14.40050395
28.84733155,-11.20588345
24.4055517,-13.92110287
26.34031691,-9.455700677
15.21714336,18.86314784
32.55046574,-14.33143221
14.34509872,23.09278219
12.32020952,21.47553008
-5.326467297,-0.371547169
30.10996924,-9.779172197
13.16872114,25.97222619
28.07689246,-12.28197874
-5.982396547,2.139871811
-8.766132578,0.237397502
-3.813057873,-4.069255053
14.52182738,25.22970208
24.19399779,-14.27798052
14.04792986,23.49541455
-3.173063992,0.333728248
26.37700036,-14.7440271
19.88162939,22.98186833
30.18588936,-16.46428026
30.65417197,-13.06232699
-4.567423763,1.500548196
18.90965029,25.43125971
-5.649147778,4.076003178
-4.593223434,3.393670216
-6.18957345,0.763635058
11.71723456,22.32487488
27.47386187,-9.009673355
24.3035769,-13.88105171
-5.113046743,0.011295164
19.01292054,21.06256767
26.87385527,-11.42388467
16.744412,19.73876851
-5.865165668,-2.612985355
16.65382529,22.41455764
14.01835336,25.74792341
-3.420935537,1.804752997
-9.968264745,-0.566450107
27.3452669,-10.86896375
-9.846452363,3.469714463
11.63504053,24.23877655
26.91489453,-14.0210604
28.04652206,-14.07172143
31.64157632,-10.300235
17.31218344,23.51699614
14.03811574,27.05455452
29.9932426,-14.51340486
15.36826683,18.73383921
-7.657586332,-1.595093319
-4.869997721,-3.997754856
-4.300235241,1.935428542
20.52222706,22.25954711
13.76555257,23.67164987
16.19587879,20.69897749
15.25550589,23.31878483
13.7768139,27.05787879
-8.785692588,-1.429637271
12.83038933,22.45415726
-7.290085565,0.053542712
11.1599711,24.2760748
17.70735482,22.23628876
29.34366699,-16.6142452
28.88814184,-8.55699658
28.38302902,-11.49116728
12.4179813,22.73210696
24.17706986,-13.60889823
26.72787361,-9.428708249
15.9570284,20.73347298
16.58093078,22.47765474
14.24682625,21.39182937
-6.629644362,-1.28236557
-7.38763433,-0.806030503
30.5884759,-11.78346991
14.33520982,24.45230639
-5.151727183,1.313867672
-9.927955666,-1.249611773
16.12486675,24.26615454
24.55100186,-15.08921741
29.75002057,-14.69766861
30.16220092,-17.07944766
27.40886963,-14.79698618
-8.612726319,1.425536076
-6.956320157,-5.100883536
19.3411592,21.39568931
28.16968378,-12.32003189
-11.37709311,-1.519691397
15.99314835,20.00543364
-6.131663879,-4.634519881
23.265468,-13.4667404
14.94366917,19.02474955
28.56664302,-9.049370922
26.62554399,-11.73712246
30.53124319,-12.87865099
19.18706065,20.98412672
-8.07536969,-3.708236749
-9.444587209,-0.557688114
-7.119354216,4.421709617
15.92108015,23.747029
17.15835193,17.94613459
23.46172794,-13.31836859
19.73720718,19.73306626
26.85301197,-12.80281871
19.18748444,19.16686026
-7.147571076,2.184971767
10.92483577,23.55089834
-5.160182048,2.99104661
-8.490170001,-0.849526709
31.2521661,-10.42179698
25.7636458,-9.327753538
31.30537222,-11.46383161
15.10741578,23.94181564
25.25877203,-16.37718826
-6.049506379,2.952348326
-2.045509693,0.894111039
12.50302752,24.71128321
12.31492965,25.50916196
15.51956579,19.47799207
30.06769194,-10.46645043
28.17256783,-11.81553521
18.14225384,25.6673759
24.32179589,-12.11727756
15.83093426,18.82750109
11.41304456,21.68918888
19.89006964,25.05972169
28.54879461,-11.22488011
29.83330757,-11.63148054
19.87743235,25.13772076
28.99070621,-12.20378144
-6.712217104,4.538210014
-4.783234134,4.231554881
17.30988605,19.00009128
12.72166665,18.75542104
13.9209374,25.70477061
-8.137741779,0.049295448
29.22188445,-14.11993672
-10.18188117,-2.209561985
23.36168587,-11.972025
25.04295479,-15.37183704
26.14176452,-11.79559752
12.17054429,25.24166024
-8.19566804,2.395287773
28.43472994,-12.47493933
-6.155512031,-4.133211187
19.32765826,19.37431148
-6.4816306,-3.918035812
-6.738063792,0.333156429
25.01932387,-17.3684716
-10.84195519,-1.064524294
-8.87812821,3.296417501
30.49565449,-10.86427589
19.89179151,21.32147835
-5.884967958,2.695762234
-10.43163805,-1.513835366
-7.39027466,-5.127517602
19.2384434,20.64950129
28.19076479,-12.67981004
12.70162553,19.06547233
-7.261463676,1.889270394
27.30134788,-8.878417177
31.16667859,-12.19203244
-5.177393658,-1.178023669
-7.186718234,-0.134477278
11.79188524,21.91137913
-6.043692412,-1.796496032
16.82697723,17.91785067
28.62683466,-16.63062252
19.55715376,22.86398541
14.93191505,17.73735113
12.32056504,18.87427327
-5.720317689,-0.207797551
28.00914064,-8.648668753
-7.034357067,-0.251578415
30.40432203,-12.92182463
28.17877869,-10.43166286
-5.104211476,-2.447632346
30.7869351,-16.00307229
-3.740328677,3.557609853
25.56496004,-12.18839316
18.01411723,26.10434209
12.58977257,19.44519225
15.02764829,18.21485488
-9.121088195,1.129726145
-5.319151643,-1.501314035
27.15995385,-14.34943862
-8.990128886,3.640048091
-8.779136073,1.154073422
24.90742673,-9.452882911
-4.42992093,0.966696139
-7.36219217,-0.605815874
25.09928466,-16.20985859
20.13896133,22.63967872
25.48937751,-14.71314803
-10.5073176,-0.878326043
-3.124330008,2.841467888
-9.885788705,-1.023083643
12.4191682,24.05857329
-2.759067485,0.025170085
31.73792996,-11.31603207
30.80071881,-10.51045128
-8.788003289,0.16106051
25.4535566,-14.55370638
26.84859347,-13.26588924
16.64947718,26.83715159
26.61554084,-9.29180359
17.24773038,26.50082874
23.66667506,-14.29735347
-9.716616499,-2.635791245
12.01172209,23.37114147
-4.548884967,2.617014733
27.76786113,-13.77861427
28.43983549,-17.42911522
27.11790915,-13.51759786
-6.114588402,-1.871808616
-3.085476178,-0.918208659
-4.538724175,1.848569645
18.75014661,19.54960201
17.41420129,21.57408395
-4.143597349,0.867733184
27.73969439,-8.707328442
29.27340657,-17.80082938
24.88400887,-14.69908325
29.21201227,-14.64698611
20.26956707,24.32265778
-4.823055252,-1.155352326
29.16914827,-14.33910635
26.79730934,-10.42320903
-6.516677849,-1.027643053
-1.934665797,-1.506354083
11.40190904,23.54334022
16.96891418,26.68689376
30.79332284,-15.98265798
-8.219248713,-2.371367127
14.5777809,21.9902983
11.02807683,23.12997595
-4.408650542,3.461646433
17.98646375,26.6749842
-10.57736873,-2.935606775
-7.132696209,-2.493506339
16.73203657,23.63876801
15.74134757,26.23610417
12.67965756,22.16964279
30.10834397,-13.71859722
23.92907975,-13.21036456
-10.34418196,-3.143917716
-5.891409046,0.694579683
18.61229921,23.02827164
-4.564632811,-4.366705832
30.22597893,-10.78618849
-10.85419882,1.513046035
15.09594126,24.41128306
31.1536906,-10.44223586
-4.146783571,3.721466893
29.74224744,-17.25249053
-2.863553154,-1.047898857
-8.345497378,-3.480356089
-4.627398636,-3.936735066
31.4743862,-15.88825218
26.24980218,-13.21369556
23.50501558,-15.62530794
-3.576872274,-1.9359098
-8.940158446,-1.361341235
-6.799109434,2.279774571
29.48814901,-14.86815466
26.04208689,-14.70276445
26.42494479,-17.21423535
27.94760132,-16.58493528
-8.986691884,-0.564935049
-2.967717728,-1.81634648
25.38340154,-11.2575327
-5.496114009,4.10347766
-4.078387658,1.511337469
12.48775605,22.41409356
-7.004740089,-1.537375963
16.95423163,25.45572823
12.13188237,25.17529188
13.99223318,21.10413961
12.8461175,22.17355836
31.35698992,-14.51148125
31.1856762,-16.00731378
23.86538337,-10.35436467
-4.207272752,1.698130122
-6.081172223,-1.621588673
14.13221415,25.88928411
-6.800401903,0.29805301
12.3598713,19.7707893
18.17048836,18.6107854
-3.542135989,0.31823616
-6.51416832,-2.496019109
28.55013821,-14.78079445
19.26320993,21.30711952
-8.03871077,-3.425498191
-8.41492527,2.755973144
13.45758825,19.00791923
14.69784907,23.8901512
13.85390593,18.45716463
17.25214895,25.69652596
-4.574085003,-2.302527002
23.51667247,-15.5422195
-8.840695397,-2.874607555
-6.746866364,1.422744788
24.41513035,-9.951967111
-6.159783015,3.134168495
12.3154225,23.91587417
26.21039894,-10.30501237
18.9152061,23.52084259
14.90334754,24.14206228
-8.527338948,3.512778716
24.01422941,-16.4486935
12.78071628,19.07626397
11.09270365,23.18848917
14.00218888,25.52887799
13.32208019,23.13254252
14.30447372,19.32608685
16.37534335,20.91221854
-9.648835487,-0.432569328
11.59808136,22.01654754
-4.316419111,3.559928141
-6.821572181,-2.778624418
17.18796678,25.87595553
12.82754644,25.5555041
29.72186435,-10.92938884
32.58100975,-12.8773198
26.80402306,-13.71714095
-10.85123634,-0.394928303
17.37675386,23.68256916
-3.131769926,0.540925242
-8.099232898,3.923206836
27.30440058,-15.06366056
15.00774257,27.01532231
25.60396772,-14.90738337
15.10047033,17.74572112
-2.492135045,-1.576591247
14.92134281,19.62006585
14.99186911,21.57554784
27.30244399,-11.40810162
13.87131306,21.13609605
15.71169223,23.79976291
11.44663316,21.83963751
-10.65532959,0.363172263
10.9701513,21.04844533
24.69225597,-14.73142995
16.72647032,24.97839433
19.86106102,24.11916959
-7.34541733,3.807623459
12.75365329,19.93928478
15.79503938,20.32931285
-7.855808231,-1.020699385
14.63810235,21.85574096
-4.434487125,-2.681718869
15.78751069,18.7953901
28.31939519,-17.55744973
29.82865387,-16.76256269
-5.785102399,-2.766318473
-2.772836279,-0.696230484
18.01052423,26.80654837
31.49514805,-15.70978459
16.91398375,25.32013296
-8.996664849,3.494233041
31.50829446,-14.64750568
13.48274461,22.27325897
18.82267692,25.10933082
15.85778373,24.06211118
-4.814571046,0.275057469
28.20125124,-17.76279734
23.90641883,-12.57918597
31.55463461,-12.1668721
-7.811887754,-4.918054977
15.61830223,22.92439913
-7.174880514,1.766028376
25.827813,-10.12427099
29.99312016,-15.35981035
11.75409738,23.95190321
20.13916435,21.95408773
23.31125699,-14.56155195
29.87611401,-12.77656187
25.70696213,-14.54256242
27.62294495,-15.26011064
16.41922794,17.82372388
26.10787236,-15.37202897
27.56806054,-13.31055365
18.9916434,22.89042482
31.38130681,-16.84164571
-9.077554693,0.088268824
-7.348229047,3.04180303
29.15261923,-12.9826204
-3.237170695,-1.279877732
13.88465215,22.36853214
-6.523321569,0.259216494
11.49641884,24.09858209
16.45105758,21.51527427
27.62179722,-12.88882943
12.60488595,24.65162009
15.35369275,21.28690477
-9.398426422,1.817153835
18.30700778,22.53329965
24.15744469,-15.86655376
-9.892727262,3.426671515
11.75029084,23.16853406
30.61745599,-14.20263203
15.88257137,21.59975276
28.95012719,-17.98910532
-6.319660396,-1.732872445
-6.883373862,4.517262466
26.77551295,-12.755561
19.51682828,22.16762559
18.31519989,25.37727927
18.47085723,23.92218958
14.80197552,21.1835232
17.69011279,22.278855
-6.404332486,0.666003141
17.10919518,25.07943523
13.35586779,21.0978809
18.24405497,26.3838299
13.11391962,24.12014204
17.08471618,19.65895862
24.59668084,-11.93882772
24.03835616,-11.95312136
13.4557017,24.9156404
-10.69385651,0.487998566
17.48606518,22.98324812
18.19765773,23.69131106
23.99410465,-11.92423062
27.68451661,-14.83278428
27.46030566,-11.83842009
18.77016401,21.34559887
-6.487483669,3.917271695
29.52758852,-11.48582298
-4.335433768,-2.338085959
-9.570954716,-0.324911266
12.82953892,23.50342854
30.42330806,-12.64537051
-3.858875488,-0.678296587
-10.65620447,1.389984736
-7.540306516,3.837714406
-7.822076942,2.148272539
-2.907021796,0.308211004
11.93548116,24.69285641
28.5546082,-9.56753293
26.51799133,-15.67160876
24.47070127,-11.66207542
15.47875607,25.1577724
31.53012323,-13.99183125
-11.23501461,-1.652860084
-4.853827883,-1.881668274
-8.538323701,-3.484516046
11.26995102,20.34996256
16.65134096,25.21625834
-2.667026503,-2.110239163
11.51306536,24.2533434
-6.574501506,-1.441561287
27.26555387,-15.52319062
12.55827596,18.73697314
-5.147347007,-0.299012624
30.87593819,-15.23511029
31.29595418,-15.5314041
16.36945387,26.57092246
31.17009765,-12.98740099
16.99512543,27.02133232
30.18065244,-9.596670238
24.16491811,-12.97201074
-5.780128542,-2.295989723
31.11921767,-11.14568433
25.59507962,-12.66390111
-4.328988065,-1.144321311
-7.849245076,2.828746057
28.2925777,-9.954414387
31.32294605,-12.88109285
32.25542142,-12.82657984
27.54436174,-9.716789492
-5.180726797,2.774730789
12.63725117,18.78213063
-6.765577126,0.705996488
12.30336584,24.27103143
-8.21296493,-0.321305571
31.34720775,-12.42495966
-6.327931276,-4.749495389
32.23590192,-15.64165419
15.61237829,26.22847667
27.22003064,-11.96519209
11.6283237,22.00762432
-5.378587004,2.771299325
-7.635912235,-4.595410402
16.39001741,22.04688901
-6.24640318,2.300952469
17.46721097,23.2692575
18.06605752,25.65752615
14.70868332,25.55133779
-4.105872859,1.04861634
-9.953938442,2.80129333
14.83070317,24.86351897
18.28131256,25.95523531
14.08931933,25.80376211
23.63174372,-13.84222439
16.35682505,19.4264083
-5.292379522,0.3442768
15.75376727,25.90718834
27.43864283,-14.8054885
15.81023483,19.42827624
32.24743043,-14.40356592
24.21088671,-10.65373859
16.42481093,19.774153
-2.754883482,0.442740347
19.64775222,21.31544361
13.9986095,20.53311096
31.80099665,-12.95292775
30.26456378,-11.71978748
18.92605633,23.81598462
31.04512958,-14.86357989
11.8090457,23.75906745
31.44373362,-11.05481481
25.59424082,-12.5270849
17.21320759,23.77594043
-2.807931334,0.134483045
13.19672174,24.79316103
15.94484643,23.20249899
25.97465312,-9.732650766
14.40250372,22.23828447
-5.324560062,-2.435262596
-3.941443171,-0.267603502
15.39796865,25.42378049
31.56978113,-13.68249273
25.68033861,-14.44670081
17.1499014,19.67616231
24.58552625,-16.55508657
15.23663379,25.40407471
26.5891194,-8.755684911
-5.483938696,-0.191160308
29.74433339,-10.31914237
-10.43212244,2.132876224
27.41302775,-10.91463982
-5.624968903,0.850378871
16.23638643,23.06679949
30.87872028,-11.92886875
-10.8630479,-0.936009844
18.97232396,21.20368259
14.84508848,22.10754869
29.81852764,-13.86068509
23.0497161,-12.79528577
-10.27868324,-2.905059808
12.79719286,25.51949142
12.95509939,19.620057
27.9581526,-18.35252599
-9.41559313,2.569909033
14.38933919,17.8164114
28.59969978,-13.06805767
-8.587514138,3.449406655
31.72673635,-15.47031319
-10.32169668,-2.871882456
-9.613758928,-3.372619355
-10.35302416,0.999465718
27.64369692,-15.57686597
-8.329810273,2.74286287
-6.843030022,-1.164472639
25.48007794,-14.64379207
11.41373655,23.55296163
-4.693331009,1.139277321
16.26801915,20.64172572
18.28863793,18.47146491
-1.97653771,0.297376125
-7.168011403,2.762327257
-2.464786327,-1.750895846
-2.77182955,2.306064366
-2.814318682,-1.280934632
29.46087626,-11.22339165
29.23166455,-14.62632367
-7.343528986,-2.827335052
32.26285331,-12.69776733
29.17808574,-13.16674575
-1.897136591,-0.959596044
-4.763040776,-3.314284643
31.44391895,-12.88667165
27.39362692,-16.07609016
-5.392715361,-3.696932351
16.28803402,25.44332163
23.09439335,-12.64226668
-5.966161082,-3.763065409
29.39481615,-14.74197573
23.86872933,-15.4948215
15.93256201,18.10749075
14.43449793,24.2722815
-7.494695604,2.656851892
17.44681218,22.56856413
15.49058983,19.16251026
17.53260995,18.63407152
14.73260373,25.73525674
-9.705826662,-0.588991951
-5.389307397,-0.126359625
17.19575841,19.26682828
-11.07547232,1.253948253
-7.686948636,3.130078684
25.18809473,-15.05311904
-6.305585275,-1.274648409
-6.068131613,4.587264978
28.51585746,-16.27454024
-4.153247707,-3.136765947
29.62864477,-9.767361964
28.98019867,-12.62687085
11.23303034,20.82301475
18.44759344,25.40612489
28.11487177,-9.839707378
20.2454748,24.55498123
24.85902214,-16.33103363
27.26132054,-9.912698039
17.52296183,26.46000001
30.65170197,-13.52192116
26.69026214,-16.35899364
-9.33425622,2.746468068
-5.414702655,-3.839678658
-6.600787342,2.222710143
-3.896638106,3.021738454
-6.65216658,-4.690321553
-2.892119926,-3.147298437
28.36750791,-14.99937142
13.37313643,23.8612467
15.45357826,24.06022982
29.6505732,-13.15140047
15.25816151,18.43465977
13.70834489,23.3328933
18.39808199,20.26180301
-7.790856662,1.162384795
27.68315226,-17.60839437
-5.317860472,-0.345441618
-7.362166123,-4.093076843
25.01257029,-15.7259813
29.16231498,-9.185966792
-2.568994306,-0.197663561
19.78767991,23.96166761
-3.855893179,-3.155744963
-6.672402824,3.530349093
24.61579716,-12.66515909
30.52990981,-11.31874681
27.16182021,-11.51504425
-2.95645486,1.415325558
26.15584417,-11.47361704
17.83146336,20.05816855
13.49694849,18.24455382
27.40902503,-16.96058851
18.08504129,18.48096172
-9.135486082,0.593189795
14.58480388,23.31950008
23.54036327,-14.46980564
-5.105313236,1.584386766
32.3724595,-14.1651594
25.68868578,-11.4463341
24.08327239,-13.59623188
26.09387064,-15.47965661
18.92052445,20.21481484
-4.096711687,-1.069228399
14.89445085,22.05139665
23.32274505,-11.84011644
20.15034548,24.36968138
28.87998168,-17.77230281
-5.270873631,4.515363719
28.25942983,-10.82132326
-5.414389855,2.558886465
25.69935218,-16.01877369
-3.528958282,-3.578624438
26.58746969,-12.83126659
24.59334439,-9.732651945
15.83970101,26.09641912
17.22540996,22.07861851
-8.86413039,1.191217832
15.84060412,23.51453213
31.57767075,-14.87401339
16.25254349,23.49805404
-11.00262726,0.675979149
-3.009533559,2.392148866
14.07837877,20.29344243
-3.98319612,-4.427530357
-3.29413317,1.348230711
13.15867337,20.35430884
-5.618148151,3.382737997
12.07756465,24.9804809
30.79106012,-12.39907127
-11.36304193,-0.719781529
14.0479571,20.05989947
27.37127267,-11.39795839
29.44104004,-16.748016
30.65210945,-15.4957019
28.38434978,-12.1009571
27.35915343,-16.08273468
16.7164656,18.39533631
-9.804523898,-0.968534061
15.93833247,27.34050916
-9.489787071,-0.747547019
11.97232172,23.05904854
-6.636618044,-4.807452007
18.03009816,18.85000755
30.34384825,-11.67847953
15.88375714,25.13809874
27.56783355,-16.68936841
11.23967422,21.28951143
14.89592441,19.85598486
26.29222619,-14.68272924
29.19159864,-15.51704717
15.45673556,24.218388
13.06693482,25.80562203
26.99612971,-12.58016813
27.36494055,-16.41923494
17.66335715,24.53969968
24.80860984,-13.65777113
18.38863379,20.1866342
26.68123745,-12.06802266
-7.101266108,3.825063985
-8.711314143,-0.19530998
-10.07406236,-1.587781623
-7.677874588,2.016996712
-11.14066017,-0.343088498
29.38266185,-10.22001942
18.90624846,19.02412533
27.39516162,-13.98440653
20.24629347,24.11216214
26.5243906,-11.17274572
28.37457003,-12.50087615
15.27973133,24.86379911
16.29051887,26.02236408
27.44001452,-12.19023904
14.3319439,26.05736354
13.99640417,20.25457608
26.9056576,-14.66464995
29.90481899,-16.03948676
13.87734239,21.08370719
-6.977320361,-1.195428179
-8.956082355,-0.625318409
15.44246468,19.55856157
25.0153474,-16.10091767
-5.539854348,1.988908428
16.7077747,24.46054942
30.44762683,-14.65768647
26.00302419,-10.02750083
11.3803153,23.13861185
15.34618207,24.61966806
25.15252957,-11.69410459
26.28944927,-17.66591624
-8.729512128,-3.411831755
-4.818381672,-3.575015802
25.70588765,-14.94072558
13.98272544,26.88549062
11.26767903,23.68311215
12.58255898,26.39395403
15.88021173,22.82500218
12.65077439,18.79235071
29.64312448,-8.800671537
-5.438781637,-0.006357618
27.49026453,-16.65169666
-4.719809749,1.517381608
-10.59742511,-0.963566516
-4.748928772,-1.672909025
25.22015622,-15.51554098
14.55131646,26.66881584
30.81651963,-13.6188796
18.18909937,24.13431339
25.31325026,-16.744348
-8.465315155,-1.417196686
19.13514929,21.81157528
31.83848316,-11.11694105
30.40744328,-14.9814207
25.39973216,-15.89626211
-6.847509736,1.506127583
12.3006531,19.47992062
23.34507715,-15.36824661
18.61611319,19.65340626
14.61899444,23.73014243
29.34758932,-8.678553643
13.43575367,24.44555233
-4.245339195,-4.18044182
-8.520613313,-1.584923762
-10.13476427,-3.715580691
-3.028503722,-1.844357006
-5.25185677,-0.786274438
24.94452148,-12.91460156
31.15546496,-12.76440817
24.38971923,-12.87900144
-10.89888051,-1.492098923
-7.58484816,1.420319796
28.83326907,-16.58456448
27.46735328,-17.62451215
-6.244233405,2.1352855
29.10051826,-10.60490554
12.18459211,25.10423399
30.41153933,-14.45445008
18.84290188,22.91354774
-3.855083369,0.981218862
-8.53287177,1.560647887
25.92641878,-17.99521581
28.4380452,-13.01020353
-5.259588116,4.031078567
29.41635718,-14.67967004
23.84089148,-14.85503024
29.17639,-14.13114308
-2.228093294,1.194178102
15.55602561,22.48815451
24.74257642,-13.34851422
28.78440232,-14.76615456
18.49928264,23.44727954
23.93123003,-15.7608779
-7.397932057,-2.028390427
13.94841746,24.60265907
27.94526511,-17.31537334
24.54525046,-16.85884951
-2.341331429,-1.152350837
16.65181336,21.34450895
30.88207229,-17.21310927
16.86189496,23.24445678
28.92873839,-11.99587672
16.31568007,19.74901015
26.92964436,-11.84336605
-7.833816765,0.673546512
10.8089753,23.05235347
-10.39637145,-1.566661003
-5.04730144,-3.16917956
-8.327947097,4.259769995
-8.525116625,3.341592116
26.70155696,-17.39144709
18.12516591,19.52915939
-6.517960956,2.925915646
14.77740123,21.72751026
24.07410746,-11.44656639
23.56709024,-15.20734348
-5.498630958,3.822426825
-6.518601691,-1.318315764
-5.685875101,4.161428328
-8.545150524,-1.399732558
31.33225356,-16.65525716
16.6603965,20.29541466
-9.433712964,-0.501356423
31.51295272,-15.86915217
17.70383865,24.19416769
13.31456449,22.03682045
17.87123501,25.68315542
18.82141285,23.47571526
30.74493484,-13.35870236
27.57598566,-12.77049158
15.77746316,19.10691596
12.46096794,20.63061279
13.77241559,19.90682094
15.95324925,25.09702361
-4.851123128,0.92666139
-3.985922225,1.812299791
12.77222652,23.93864334
-9.640931447,-4.173007438
26.41021244,-12.13649908
-5.129793984,-3.332249442
-8.946180377,2.357764454
-4.743739872,-2.738124048
16.14953181,26.75964986
19.68297023,24.18834596
-4.029743986,1.431139352
-6.84274739,0.765679721
14.75920294,25.60041555
31.21451629,-15.92957301
26.26073791,-13.61374312
17.53113415,17.93685106
26.72364573,-16.43639998
-8.05245817,1.006298918
15.64556859,24.42145093
31.45801068,-13.79061275
-9.591276798,2.806392754
-2.205955365,2.018825853
30.43689603,-14.36907659
28.31983631,-17.55840435
-6.625955187,0.170596194
15.61174407,23.50745895
12.15466974,24.17112478
29.1557889,-9.59595546
14.83717271,20.78669743
27.68345963,-14.34170527
13.17394651,23.62181781
-4.886860609,3.494065491
16.48815767,25.62039752
17.91242971,18.30353164
28.85795842,-13.59466708
30.85533043,-11.10752498
26.71054616,-13.82209615
-5.339458335,-4.341287564
15.14757606,27.37912828
-3.681098076,-3.133292007
12.68964385,24.96028866
17.94599473,20.24870045
-10.66646104,2.435317641
-9.80373721,0.177957342
16.0429821,22.43570353
-5.265355481,0.137219022
-5.927906154,2.241381679
27.36007351,-17.89650454
-5.815243998,-0.093041944
-6.990392775,-3.640251629
29.42365062,-14.43419187
30.6742958,-14.11474513
-3.292510077,-0.323828011
27.91488665,-17.35791634
10.75212458,22.8001668
14.46443687,22.30537728
31.23085194,-10.88853138
18.68601797,19.91726444
30.74544954,-14.06261314
-6.244982029,1.53758959
28.19285446,-12.11584477
24.59547371,-9.985260825
24.12789052,-12.92136649
18.95966285,21.85297005
-4.734691965,2.538466767
-8.2474819,4.213239376
31.44336482,-15.73746434
-8.488458977,-3.667925825
28.95522546,-11.06813196
-7.403951003,3.42887874
25.92468925,-17.22225198
24.00781903,-16.38265131
30.07854915,-13.52817054
13.20254526,19.41432953
27.87829905,-12.48046395
12.38340759,21.94671441
24.21412825,-10.76914932
-9.527581403,2.314990072
-6.545908232,3.935113874
14.31458624,21.57546249
14.75421086,20.51266761
-8.799977333,-2.571878097
29.78315387,-13.56454705
15.89989568,17.93610288
16.89318596,22.04058814
18.23722335,22.25023502
-5.841399909,2.477872403
23.35756795,-15.08146604
14.47671078,22.33122142
-5.3507041,0.22704566
-5.333116088,-3.266451701
18.15922314,23.6345112
28.10147271,-11.39583774
31.11135346,-13.550683
30.76864219,-9.687865463
16.6279936,27.31512286
28.88049137,-16.21642004
26.4781379,-9.36993895
29.6452003,-12.78437291
24.80993551,-16.20122363
14.45200837,18.51113292
14.26219509,22.7065305
16.45461921,25.00772318
15.04982163,25.80502427
-9.836741725,-3.979205152
-7.269734574,-2.087400212
19.09830563,22.09637808
-4.657830577,-0.584952712
12.73364921,19.37639941
31.19962994,-13.57909523
-8.222450246,0.189967299
26.73264896,-12.94460927
16.53518349,23.07889525
-9.734109266,-3.253496786
30.0266839,-15.0960724
-10.56246391,-1.539668155
31.38727797,-16.22897494
30.18835062,-16.32444334
-6.528644704,1.626368688
25.23317764,-14.13778478
-8.104093108,-4.088087307
24.72937532,-14.85752956
19.56337062,20.49829917
17.93962383,25.51878684
11.75047437,23.28404757
19.18656779,21.37276963
31.42108072,-14.23249694
-4.647614584,2.737073656
-10.46850269,-2.596770631
27.43841741,-15.65716193
14.05856119,18.95258655
17.16516741,25.63296701
24.33962569,-14.39791701
14.38695429,26.63279236
20.06091792,21.65082401
-10.47969171,-2.012260223
30.37545946,-12.79945843
31.16532589,-16.62412274
28.96016485,-13.90277137
23.00676996,-13.2455048
17.53282014,21.26962766
-8.322903641,4.20973097
-5.179248566,3.972779889
13.16877283,21.5204017
14.60491986,22.52858077
28.81895627,-11.2804143
26.79662816,-13.52392554
-3.675776126,-2.517213333
10.9680254,22.95654857
-10.65479247,-1.229390313
30.91302785,-12.06876038
13.98242012,20.24838512
-8.989379314,2.332941368
-2.28509807,-0.395700615
14.24137315,22.72769587
14.78250897,26.87830182
29.64833744,-11.28144228
18.01494173,23.52973608
17.83741528,21.21588376
17.90026197,26.42167975
12.41064353,22.39204776
27.1974525,-16.67697483
-7.03875858,-5.110147955
18.06621616,20.45028215
-7.298958198,-0.007098122
25.19025028,-12.69451627
19.76659073,23.36468071
-11.59874122,-0.653673325
23.05489587,-13.84848319
-7.174439554,2.774868148
14.46654734,21.09290098
-6.11276811,-1.467317927
-7.779687213,-4.794237099
28.41134505,-8.822671423
-3.681522113,2.087496605
-3.207720269,-3.406135321
27.80523008,-10.77907905
13.93506418,24.18063237
-3.859625281,-4.174224773
14.56610409,24.73792863
28.7964995,-8.928108011
29.70746959,-8.852628389
30.2968324,-15.77446194
-5.266983175,-2.391094899
29.86816182,-13.32737629
-9.913563024,-2.943658391
25.41657668,-14.0082668
17.2986868,25.77083412
-4.555831079,-2.606398136
-7.958657785,-0.503278608
-9.078482991,-1.460801056
29.53709682,-10.6402145
-8.923603249,3.306248717
19.74842913,21.88756522
-6.174466049,-1.451705234
11.94431275,21.27012035
12.93213734,25.4840171
-11.25142343,0.249146166
12.53008112,19.87894852
28.90001898,-14.38822771
24.59289988,-13.48833813
-7.466783188,2.36324759
-3.168937136,2.450186813
20.53311216,22.92824865
11.61160708,20.26279295
19.29785471,23.87235561
14.75514585,24.23041286
26.77393999,-16.64826182
-9.536158201,-2.538979312
-10.05159704,0.210633726
27.26998528,-10.55267186
23.70333272,-11.46219617
30.63731327,-15.97314806
-4.377443455,-2.375639781
16.64306404,23.33539649
30.21975326,-12.02386005
32.19215106,-12.31019017
24.82923409,-10.00477198
30.90468383,-12.55381428
-9.395189059,1.98261872
13.79000104,19.14478634
31.99695111,-13.44500821
31.81247044,-13.29443254
-8.249171947,1.940172155
-4.569356902,-1.014388768
11.78524498,20.91256082
28.74706909,-15.54828802
-3.289195625,2.698825967
12.34079058,24.95218091
31.12244986,-12.20774393
29.7708029,-10.16833825
16.92199246,18.5315452
27.65842721,-17.81924086
-7.766572556,3.123604184
25.71936251,-12.35070731
14.75635975,18.70269259
25.24507923,-10.87918445
-4.62129364,-2.847940877
11.76903496,20.87910422
-10.18604995,-1.160916334
12.74506826,24.81535543
31.32839113,-12.77235796
-3.25660927,1.8104247
16.80231952,21.74853876
-8.705734212,3.801599193
-3.339141061,1.083108852
30.58901958,-9.826469306
18.40235378,22.98019889
26.33594299,-9.061770578
-10.68941497,0.652592397
25.01244504,-9.649663883
23.53028693,-15.89510154
-4.750048668,-4.187871245
30.41187255,-12.93125966
-4.489587245,-2.429451743
16.41115422,20.06896779
11.07896131,21.47930436
15.95940021,23.7801332
30.4605178,-14.13854931
-9.844643759,1.778467923
29.23989074,-11.25004997
25.56783688,-9.825254186
25.38680134,-15.52328163
-9.888740432,-1.24522257
30.66483773,-11.10740753
-11.17041113,1.394632138
17.67443271,23.79759135
15.70162107,25.44940146
16.23154957,22.81135772
16.18829515,24.0049462
14.94743974,23.42801811
12.51912839,21.58038946
16.16631111,21.15323508
-9.520478793,-3.626845956
30.50078132,-10.99026303
-10.60760739,-0.36982111
16.85758365,25.44862496
20.49291071,23.7782042
16.25898571,23.17197282
26.33593334,-11.90218349
-8.88682693,0.916400247
-7.872813423,-0.33619764
18.11843903,25.05400019
16.61808441,25.92426172
20.04761354,24.03440471
27.70031899,-18.23047301
31.5265581,-11.02511697
18.50397674,26.11288317
16.22167392,22.03448185
13.55235597,26.6975316
29.79817955,-13.53273278
25.56350758,-10.80455843
23.40090594,-15.2033661
13.40928445,21.44407108
22.96604269,-14.51065724
14.11471936,24.48901563
25.29484858,-12.9930645
13.58287434,26.8431159
-5.44575794,4.325549917
18.30046113,22.50907984
13.1877244,23.41654496
25.51092871,-12.58766359
11.28774901,22.6790763
31.03893517,-12.19346676
29.60296608,-12.19225763
23.64633698,-13.18619393
16.81629159,24.35097819
26.72262241,-11.20078509
-7.620824292,-2.889801299
-9.16701652,1.427573464
30.05106364,-10.82755328
26.34016662,-16.25340295
26.3037232,-14.58050451
-5.016236382,3.121795644
13.24178314,22.88102427
-3.340597268,-0.29000243
16.02858439,18.24741309
-7.183000145,-0.188178768
28.18873526,-13.38012858
17.68156277,26.47610678
-9.664008831,-1.022211042
-2.386584759,0.95896415
16.98520708,23.95508994
-5.071632674,0.541625049
24.77991126,-11.04004863
18.66786072,20.16552088
-10.14910714,0.626627966
16.78039691,20.79168932
24.23595156,-10.97868817
30.19356463,-15.96852684
-10.31807746,1.109312866
-3.349893984,3.415150384
28.83461119,-15.1547473
27.07889093,-9.032392232
15.27259233,21.69558172
13.1114649,20.90504489
12.76596841,20.70266101
25.39259299,-15.63109946
-4.179861073,-3.487273565
26.95630395,-11.99318074
27.56588658,-15.20539568
28.69901064,-12.0819684
29.4289577,-9.573796173
29.39605878,-14.84437557
-2.756909227,-1.493702452
17.68653603,18.73435668
-4.031821046,-3.221862402
23.0396745,-14.69753324
25.94263489,-15.55497566
-10.65762411,0.071076918
13.35232859,22.66880755
24.70003972,-12.11533282
27.18637603,-9.468211729
-11.24660238,-0.138376114
14.14360926,22.60031867
-6.841746288,0.673646589
-6.203928755,-0.34568466
29.36204389,-17.40043282
-2.300588875,-2.090961963
24.97662478,-16.67265408
17.63133094,20.95282248
15.653313,19.94300749
-7.427164825,-2.688249827
18.80042995,22.47297613
30.74297421,-9.517645019
-8.295250915,3.197232293
23.64316573,-15.96786493
28.25970128,-14.19233528
17.96229628,23.40435911
-8.275706802,-4.735818153
13.08099114,25.77355744
23.39514858,-13.20046274
11.21444879,22.37562363
-8.024289791,3.883514091
-3.997545142,0.13237949
-8.530580201,3.78027835
30.00211606,-14.40011889
-3.86042867,3.053768451
17.4606281,20.75056711
20.25274064,22.99767612
16.17939722,26.82737863
18.30897577,18.82147671
-8.392034541,-4.697676959
-10.61478619,0.000609285
20.01858426,24.257189
12.63276377,19.96873086
-8.206431793,2.281701078
-10.27402373,2.19217005
13.78381206,25.78249721
-5.139319427,4.033234906
13.35194452,23.20874535
27.84634953,-9.168777632
24.95168661,-16.87196592
-2.854173776,-0.364149047
-3.868957935,0.041795528
15.96469538,22.94282574
13.1446532,22.89967889
-5.096460892,4.446583945
-8.188367261,-4.545766712
30.9580277,-13.29191877
23.34476767,-11.93243988
29.68718657,-13.47838653
11.84017046,24.27778691
27.83602279,-13.78528417
25.93492241,-11.25280506
-6.644660729,3.356070194
-6.812018309,2.539198981
20.11534211,20.45881349
14.74738473,24.46659927
-2.285030865,1.579155568
-5.517841488,4.031454796
26.93871346,-15.38356365
11.20144497,22.22979806
31.14286278,-14.44158782
24.39147894,-16.29499455
31.93551284,-12.72192915
28.4122389,-15.44946106
-9.888083041,-3.129339378
-9.590775089,-0.171221679
-2.771167577,-2.094460198
16.57900863,18.09560259
27.22015367,-14.78329372
14.30453684,24.2298679
30.3173685,-10.51830955
-9.253444945,2.459290298
27.08185652,-16.27081334
16.74123263,22.11445383
-7.814924634,-1.498589707
24.43271887,-11.14975393
-2.706417999,-1.23777802
24.27325933,-10.65589827
31.79007734,-11.57265978
-2.594243958,-2.702940505
16.98665605,19.93795528
-7.316947765,3.046450532
25.71065748,-13.09481004
31.36653325,-16.46079875
16.00337932,21.2070853
-2.296104823,-2.333133285
26.87089905,-10.45293299
28.01897237,-14.93938238
14.62496121,23.12845248
26.51277542,-16.36685146
25.47846327,-11.73040148
17.41626958,19.95833061
14.32859574,20.24106961
14.30119671,23.64863659
18.51430669,19.58280698
-7.772052638,-4.476691434
-4.197282369,-2.986136488
18.46674006,20.2540164
18.99627312,20.19836747
30.32348919,-17.66589173
10.86350639,22.07128976
-4.206347428,2.049350617
-5.902753184,-0.764780817
-5.047430314,-4.679117372
-6.619469494,-0.858856969
16.25616094,26.45404771
-3.926489579,-2.752498287
27.16751949,-12.73290116
16.61316017,20.66406131
30.67439254,-12.54090746
24.87603748,-10.78564783
-6.065000486,-2.531971817
30.44885419,-16.10901032
-9.452089954,-3.080117189
18.66268854,24.81579786
16.56696501,23.38524985
17.70057416,24.12034857
18.93653995,24.10038477
-9.568209266,-2.180719658
24.28773681,-15.89540583
17.34446735,20.78167449
17.33042294,18.9312164
15.5471858,25.68539195
24.25666477,-15.74237658
-1.915042844,-1.028685864
-8.823397504,1.703414485
16.44914885,27.2712594
15.110313,23.28660625
12.96145514,22.56333769
28.57631782,-11.89144388
27.4151107,-15.29161143
13.29954261,22.38431852
13.68339632,19.01688637
24.72085012,-15.4814012
-3.261025498,-2.29651159
14.45201234,25.46255307
28.1634414,-15.11590241
30.09001057,-11.03929114
20.54677849,23.05872693
27.01321325,-9.642490668
-5.623694902,-3.294527781
16.14483305,18.42236958
17.17114797,21.30774768
-3.192795426,-0.813489112
-6.605606682,2.628676336
12.22657328,20.90202837
29.42817945,-10.27992042
-8.581261961,-1.650320022
31.23179842,-14.16491048
11.31880182,20.93873398
32.36052898,-15.35727114
11.61373563,22.70271209
-3.912422936,-4.181554419
27.30630357,-9.827030301
29.65107065,-14.01759421
17.695356,25.45792543
-3.098725665,-0.926295843
13.85441105,20.89434757
-3.164414965,0.703170809
29.43907287,-17.58355367
-7.655764764,-3.653303025
23.08341928,-13.39834748
-4.887775716,2.409735618
14.78897638,26.15380118
14.54967174,22.72048005
28.11453374,-14.99009506
16.52230936,20.11096173
-3.971430345,1.16537446
-5.708194152,3.861665521
17.82597464,20.78870435
18.38634316,23.70367598
-6.122323772,2.879545122
-9.930034178,0.75757254
-3.421288409,3.185367863
18.25211608,20.39714969
18.81458385,22.3318406
-7.247305767,-5.066184012
-8.459732992,0.961353521
27.92151283,-13.26123814
-6.779587991,-2.017814911
31.80155166,-12.5659778
12.47486522,20.71822805
14.03359698,24.04850186
28.44418545,-15.61938438
30.61138529,-17.23748152
16.76612082,25.28627287
23.79740456,-15.77050083
14.14327449,21.23519432
14.19367944,19.3557399
-7.189604096,-1.635328979
14.26357361,23.30438074
-6.304124204,4.190192277
-9.240525661,-4.077882554
15.24943305,26.80528759
13.07664174,18.72982845
13.88355695,18.96331318
32.25016578,-13.53957771
-8.010470693,4.014696216
16.50643002,18.7182485
24.26756373,-11.80756388
-6.618016475,3.547783857
-5.372981395,0.841405703
12.98002113,25.32622406
20.19980967,22.38864167
30.95948699,-10.14803018
12.8412325,22.97055283
-6.804757616,-1.773966154
13.61613352,26.97646082
27.71751879,-14.77763614
28.58286787,-16.66719177
27.66696952,-10.6101828
-7.237221303,1.39730504
15.99025878,26.67950264
28.92728351,-12.75587461
31.26808272,-14.14518491
19.44731352,23.71432087
17.2106506,23.40087047
-9.345317461,1.058207174
16.05225599,25.52570113
13.74177898,23.7801167
30.96241648,-10.20148742
-5.497716577,-0.562487198
14.71806948,19.12748821
25.7611329,-9.876617175
18.45525466,19.64798956
-8.514126587,-4.49803798
30.71504079,-11.33556803
-5.610005741,-2.742248604
11.19546909,21.15226692
11.22813588,23.61942632
16.92336168,22.13518675
-4.085917898,-0.893538538
-6.637957065,-0.482517427
24.90019583,-15.5996176
-10.79625986,-2.445942943
-2.828561816,-1.58788066
28.1991236,-14.11960072
27.4244613,-15.49920242
-5.256102222,-0.019318296
-5.016688619,1.956919226
11.16638451,22.01336326
30.09938266,-13.88320258
23.82387437,-12.38763443
28.06736681,-15.66636375
25.25383514,-10.44179479
-4.958589545,-3.492754506
17.32693411,22.72213947
28.69841723,-16.61645941
17.96471665,19.55390442
14.84753466,25.41473556
12.91110887,22.83783331
-7.285994489,2.549431785
30.13363062,-17.06003527
-3.279808319,1.274903403
18.14358344,26.1268121
14.93940459,22.03740707
28.96764088,-11.19235763
28.0204863,-16.45401126
-2.243259214,0.723218119
16.12028153,24.02563419
25.30968101,-10.58728052
30.51655915,-9.356260938
27.26151315,-10.52666384
-5.717841074,-2.980370971
20.20353468,23.65677141
23.86736462,-15.05621864
29.02480893,-14.21956259
29.12368932,-11.14306436
11.73840611,22.8732892
32.23629901,-14.93138594
15.46111764,21.83952383
23.85311623,-11.75084678
13.5390156,24.19378187
19.89221586,24.44098814
11.50209304,20.37300466
29.46216313,-15.86842295
24.09101066,-16.32572303
28.18360953,-8.901673326
-4.802696581,4.117379883
16.29932725,25.55992681
25.92145372,-9.843559441
27.147815,-12.19720596
29.14202267,-14.77864358
15.34890849,21.3268043
17.08606084,18.96127324
-6.691051907,4.319154666
14.73460291,21.7542539
19.00464809,24.72067299
28.15298191,-16.80548474
30.81237483,-13.4354783
31.03227018,-10.65743926
-9.831868639,-0.853918188
26.7261258,-11.08969754
-8.799113521,-3.053969773
15.84190033,21.79855027
23.0867067,-11.82761241
-8.32637056,3.571116689
30.66639925,-12.936544
15.78930102,20.87357603
-7.215285789,-2.88837827
-3.342336582,1.117888346
-4.033028851,-1.001803015
29.14200911,-11.75817327
27.19000954,-15.87801703
17.4154573,26.09172456
-2.143149633,1.827706191
14.0156443,19.79901883
19.51535196,24.14329327
26.1879781,-17.55742064
-8.309019446,-1.096994177
-7.007915952,1.280766359
-7.970200897,0.920403885
30.26618341,-16.64274482
-4.119879495,3.817278517
31.96062369,-12.35077859
17.41206423,20.31265152
18.17305957,19.37917201
-9.327140436,3.762808732
25.92076441,-10.72301669
14.39163746,20.93851083
18.09184101,23.45771301
23.82081776,-16.31217187
-9.5180692,-1.174678906
18.79003575,25.39880136
13.0177952,21.57068196
-8.342997287,1.946372798
24.89741374,-13.11529742
27.12681217,-14.04316171
-8.367455483,-3.640770076
-9.647825749,2.358309505
16.79127691,19.54456392
-8.573370774,1.635077166
-3.539003773,2.59032345
20.25694982,22.2725664
-2.897470863,-0.853287045
-6.879302755,2.621382249
18.07187946,20.51557005
16.32398201,27.11990802
14.36561147,23.64479822
29.85019142,-17.30937852
32.35065661,-13.83386124
16.99317595,26.14346181
17.97946706,25.03547861
17.40650644,19.97982976
14.27641963,23.33352266
-4.127944572,-2.058072478
31.82150664,-13.76543731
15.76348958,20.37888082
-6.473579228,3.677383147
-4.22435235,-4.330870841
16.79377721,22.55528181
30.02550941,-14.24523821
12.97705972,19.85252957
15.92191566,27.42136585
-5.842239101,-3.806323913
-8.430985525,0.460519958
13.19717743,23.86086024
19.15961284,19.7227327
12.15948257,23.69525819
27.8091358,-14.56720549
27.13669552,-9.218069851
18.08143645,21.25791694
-8.465724196,0.725997635
28.64241792,-16.36254305
26.28486616,-17.38024844
-6.149467038,-3.918298001
-6.851254294,-4.410937252
28.55581739,-15.09229645
13.74421639,26.13602663
-2.331943361,1.604351059
31.09313362,-15.47429513
18.18294079,25.82934102
16.19748927,21.33608232
19.93141365,20.22320319
14.49993268,19.0215732
-5.344399433,0.84028101
14.06333705,18.66549149
-3.487236951,2.339354747
15.30687101,26.27181485
-2.733835848,-2.37747332
25.77985205,-15.99098365
-11.4551864,-1.058308005
-9.24427565,2.062271924
30.19273675,-13.94888394
-1.856811914,0.726327302
-9.029655621,-0.143161627
16.00711087,18.31404688
12.09653356,21.2852997
-5.961316758,0.405682878
-7.64900571,-2.293487209
17.08767226,18.90556585
20.28325209,23.95321461
28.24583074,-12.13777144
24.71144544,-11.43958316
29.90929098,-11.86256341
11.56903642,21.57159758
-6.497891633,-1.353626054
25.4538481,-15.87770054
30.59489609,-11.32969557
-3.662242292,1.751647439
17.5334834,25.7499788
31.77714478,-12.19950393
-6.065826316,-4.539911254
-2.136122937,0.730969422
17.80888276,20.73436115
32.4634402,-11.97258009
28.8817434,-17.19096553
25.36705434,-9.460652975
-6.628868453,-1.776635958
29.15156765,-10.36123325
-3.769010454,-4.163784916
13.95459336,21.31003435
31.3141937,-14.77446189
31.60562761,-11.91473074
31.07861762,-13.35477282
24.87136176,-16.09839062
18.21664917,19.06032841
32.1923424,-13.64165748
-5.35374616,3.428769722
-9.962189246,2.780403168
17.13256123,26.02919607
30.03462164,-12.34893689
-7.38833603,-2.349825072
26.9023447,-8.699469608
23.22158378,-12.4765634
-8.338356278,-4.234336359
-3.305389132,-3.322476602
17.19117129,18.11575553
28.69480156,-16.79851863
12.09694788,19.65345548
-11.44473967,-1.482142194
23.23186687,-15.16138562
24.78949701,-11.42788428
-11.2504355,-0.243714166
28.66880756,-9.531534704
24.74444809,-15.75335674
-6.97226603,3.388969916
11.03317733,22.54401662
27.20497768,-14.63034981
12.30073794,18.96760381
-5.262610664,0.380460832
31.08434955,-14.41778647
12.8225349,19.8786773
25.98575941,-13.57237707
23.14785635,-14.63592658
16.35719125,21.2628947
-7.220797884,-2.930999866
18.70451696,22.59514942
12.58168458,21.18202454
-6.057735548,-4.100201429
18.04037274,20.53601557
31.2080728,-12.48597612
26.08480834,-9.591970937
-7.016176896,0.362080082
-7.829340275,-3.222361915
14.63924218,24.5925558
-10.90259436,-0.626319217
31.51302102,-10.84542394
28.88637973,-14.95157126
17.42287031,23.56358793
27.16652591,-8.822823933
12.82457628,18.90665297
-9.651550906,-1.418856721
12.24385877,24.96874349
-5.947392007,-1.807383879
-4.074775904,1.782521968
28.20579687,-11.86280366
-10.03415717,-0.356554395
-2.259567916,2.090740971
25.391329,-14.52270068
-5.052661984,-1.808137541
26.59122913,-14.64714735
19.3467024,21.17388317
30.79375844,-13.49165062
-4.494767202,2.020067685
-2.432345643,0.382747105
30.27687715,-10.25881798
15.34525635,17.78830425
24.50693276,-14.87268716
31.30022706,-12.84321751
-7.852966696,1.356551459
13.15647935,22.15816757
20.22536752,21.55713442
11.10810281,22.50099401
-3.812715669,-0.347473311
-8.624707196,-3.122543373
-3.84412508,1.142901935
-9.127190542,-1.861883246
16.93908934,19.18294824
-6.299216577,1.501578594
15.60309662,18.68902999
31.08223944,-10.40007035
13.51583276,18.5285626
16.70321901,25.25701446
-3.24034971,-3.291852295
-2.794823712,1.028232194
28.39126769,-15.1312725
26.0151534,-16.63405824
29.45500614,-9.546269174
27.42142786,-16.89274913
15.24405018,24.86703201
-8.258173745,-4.282571048
29.36099055,-14.60059616
28.47750874,-14.22413686
13.10883433,21.90545094
-4.255172112,-4.354215352
14.84378808,23.68063315
12.86078637,23.7179745
12.79479136,25.40527091
11.1093036,23.71856908
29.19148738,-10.98739822
26.8860442,-17.75927256
32.488735,-14.64250217
15.48583183,21.50950051
19.69979783,22.32153184
29.4413363,-16.71688102
-4.222250794,-1.642399467
23.38125876,-12.26068908
-2.653497931,-2.787373486
15.32020878,26.35984246
13.21372752,22.56420887
-2.042597855,-1.152989428
-3.668796007,1.649339252
-4.642928923,1.277663783
-10.25788064,-3.188624113
15.90828707,18.93815313
24.75724633,-14.35998673
29.57244708,-16.03317302
11.90048363,23.04329964
-6.94969637,2.121316177
-10.25717971,-1.575040303
-7.837573171,4.257223549
27.11449505,-17.76631522
25.71201269,-16.93719396
-10.34042278,-2.190822453
-7.852721084,2.666166841
16.89749678,17.85225989
-8.83091875,-1.791338722
-3.676562674,3.522582432
16.13009391,17.64943025
27.91044162,-16.2624766
27.51678491,-11.4140531
29.36809401,-11.03373752
12.23972388,21.46694465
25.84715557,-9.027983048
29.91815436,-14.38493323
-8.687169068,-3.094717922
17.97362656,19.26588822
26.37356273,-13.51868425
12.75197621,20.29905808
-9.609371177,-2.802750336
-2.603381865,0.945357345
29.92942857,-11.3126147
27.55272655,-8.653002315
27.85106594,-12.99702149
-10.86156274,-2.818859595
-4.301422942,-3.66963976
14.30731467,19.65633037
15.29394718,17.74445743
12.76891824,25.44147701
25.45795,-14.88764908
-5.870537641,2.659560124
24.88643284,-16.34508108
-3.466922985,-1.153327333
-8.102968354,2.131435189
13.29088357,21.30257513
28.12342736,-13.20043382
18.75204084,22.25897712
30.58884226,-14.29565626
26.24153758,-14.58600553
-4.983632691,-0.107150955
32.31434352,-14.97756606
-7.333812933,-4.302446435
28.34355888,-8.496099558
-8.827934107,2.86383277
19.28884935,22.86663364
28.65093483,-15.95844467
30.66792099,-10.33254267
29.16964358,-8.906761897
-4.975621366,-3.029054473
-2.805604318,2.196940238
12.40896647,21.09320537
27.1539182,-12.56845792
-8.088470781,-0.056602265
11.36674059,21.28198555
12.45709059,23.11629607
11.71164189,23.74857971
-8.287454233,-2.433884109
-6.929899716,-4.840410055
-6.779728925,-4.70144349
-5.509441978,2.195687455
18.92112143,25.66015656
19.02559927,19.49537245
19.75079641,20.87641114
24.29135815,-13.83572725
18.20243154,24.63327051
14.44466794,23.42368152
24.50632587,-15.36045727
-3.429482139,0.940343263
-6.808520512,0.914334869
11.57959982,22.62075084
-10.14617568,-1.170553692
-6.727053284,3.188759553
-7.745882799,1.335739389
29.66264062,-13.81012749
30.13859065,-10.0814694
27.41754341,-14.83845881
24.27996364,-14.70106652
-8.302414141,-3.551743102
26.79355628,-11.85358337
24.6782498,-16.96305106
28.65768289,-15.39486441
24.11173897,-14.35158886
29.38122562,-15.97137208
19.50340107,25.15033485
13.16068213,24.25883385
-7.262934567,-0.262721311
12.99434971,21.97299171
27.12383767,-13.55626012
18.3845808,19.38472347
12.27740169,23.16358857
31.38838569,-12.84202918
-5.810594646,0.325880517
-6.68520477,-3.297129469
17.36974375,24.2399822
-2.339086775,-0.257495967
30.08379475,-13.85137254
16.88270206,22.04690097
14.30825642,25.41222266
28.97665216,-16.94072746
-1.95476755,-0.195497443
-6.739294184,-0.146085455
-7.884480416,-0.556719353
-10.74602466,-2.6614806
20.41723407,22.87880959
17.53052164,26.316451
-8.472683123,2.868137508
32.19315187,-11.29936411
-5.836308913,1.872582005
-10.32304036,-0.595383213
17.72609746,26.49267527
24.40057432,-15.07540378
26.06011207,-12.19843854
-6.593685293,1.097500021
-4.290673328,0.635079802
-6.40516826,-2.664570582
19.91827074,20.64101747
-10.41784269,-2.125780329
15.27868259,21.69033959
25.68698326,-15.12620789
16.63509959,20.07944255
29.37524833,-13.705728
-2.295898638,-0.849684221
12.52433268,20.60260288
12.78627501,23.37823475
17.62311809,18.4346359
-5.706003491,2.886561926
17.83790375,25.7718856
12.31660241,20.89266572
-3.631968284,3.53380864
12.89067947,25.66296167
-9.665779488,-1.363066231
-9.810287478,0.507335276
-7.892857571,1.219431916
-9.282428072,-2.498157185
-7.179895495,-4.156969859
-9.542508642,-0.446917169
11.37385696,22.53046358
24.75840347,-13.42392328
15.40789385,17.63237414
12.89466766,21.62405056
-8.470000633,3.235471631
26.39959106,-10.05507311
28.11525234,-16.23546703
23.09991838,-14.83904653
15.07875912,26.90936083
-5.764398452,0.94886889
17.75632316,23.95567477
13.06736802,19.82258638
15.37061955,19.85983448
12.07429363,19.77899159
30.02222064,-12.35309583
-5.42263133,-3.504463782
17.52628579,24.44129065
-5.254576881,0.906793795
16.39225661,26.93016037
11.57121249,23.3910445
-7.270384529,3.840655941
13.72628911,20.65033735
13.11672888,19.84572028
27.7970776,-18.14771169
28.37040186,-15.90746388
-2.592164035,-2.986526783
17.08790591,24.44666385
-9.988025931,-3.768187891
-10.60248996,-2.79772826
14.58115994,21.26452346
-7.315495105,3.063481731
17.88941912,19.17703586
12.285249,23.61839966
14.30950155,18.13913267
20.61205801,22.34245161
29.48296032,-16.33470099
-2.094253954,-0.131377575
28.72609136,-13.58487526
26.13742293,-13.40222649
-4.800781086,-4.834537859
-8.889294171,1.028504817
-11.56447327,-0.172289821
-7.59642339,2.523896262
25.33872929,-16.03267845
17.85295197,18.87374713
-2.259379812,-2.479625574
13.49820499,19.98757461
31.64653318,-12.71209611
-3.296133461,-1.697075665
24.20295844,-14.23311633
13.95355995,19.77354645
-9.133616851,-1.213814034
30.77087214,-16.40167935
12.28045301,22.06561234
11.87277217,22.10058433
30.94588903,-14.86441882
-9.515315571,-3.920896574
30.63367375,-10.5848788
15.71333082,18.62937479
-7.652366266,3.431557354
26.87406491,-16.99913513
30.23903312,-12.53536743
23.40439892,-15.43524134
18.49787883,19.56953011
11.65915822,25.35967737
29.64869655,-17.9624213
29.84441819,-17.02184273
15.65401753,22.5822426
29.07448869,-13.83727341
31.58653096,-14.55435787
17.54600819,26.08993708
27.64259475,-14.69397401
29.98189293,-14.24364742
22.9325581,-13.9218502
-10.84167115,-0.094901768
14.53142035,24.82862526
-9.57424897,1.070073058
31.82507472,-16.20096118
23.80350468,-11.83249027
-8.452866013,-2.098871946
-1.927841977,-0.355104138
-6.69571441,-0.138998598
-5.744196589,-1.921574466
15.74098078,21.45178746
-10.75505654,1.482936986
29.87391472,-11.69187358
13.05317527,21.88576372
-4.385275922,1.995551148
11.81454499,24.91825386
29.80274477,-10.00773787
13.70129343,18.84405243
17.32111637,21.60613394
16.72093442,18.0013695
-6.843978809,-3.912132187
24.0945549,-12.34492023
-3.482130241,-1.779429151
-8.07953712,-4.513974964
16.05766239,18.26784553
30.34018781,-17.35431272
16.69313747,18.31775504
17.45212275,20.51587392
13.63809294,19.22161677
18.39173213,26.34127755
25.26928348,-13.07947927
-8.279882405,-4.285740488
25.66139748,-14.83967737
-9.844677736,1.74761826
29.55613868,-13.03542804
16.88657103,22.90804933
17.63111109,26.61004435
30.55885052,-11.92666925
30.02009373,-10.5523168
26.30276862,-9.838958186
27.85186728,-17.24903061
28.34201982,-8.505625445
30.336953,-17.38984958
27.30032034,-15.1499066
-11.46327972,0.506309912
-3.183030262,-3.691606964
31.67787425,-16.37066187
-2.380336039,0.194850585
19.15753862,23.13089815
31.03357914,-14.98670113
-4.46248322,0.241226279
26.07449005,-16.35174855
31.69460301,-10.82506502
26.4909058,-17.51125292
11.87919404,22.34284504
16.2542566,19.97534388
26.59948748,-12.83729
15.51067561,20.45950491
-4.257573757,3.824730783
15.84056407,24.04705017
-5.356751931,-1.589626622
29.94646082,-15.96631269
15.2648601,21.58304384
-2.820347351,-0.922929148
-2.966917875,-2.902974156
17.6425314,23.6672971
32.36476739,-12.47016318
16.90418629,27.30058835
29.67192541,-9.896319632
-10.11619148,2.823055438
-7.529854652,-0.74457477
16.12715332,18.32547181
-9.354478844,-4.118381019
-8.923658023,-2.928155181
-10.76443939,-0.460187231
-7.026240671,-2.108040693
19.39708789,25.71069554
26.29007544,-14.01629684
18.34121772,21.04495671
32.39567417,-11.55176247
14.3323695,19.76802657
12.35143878,20.76582899
24.22991735,-16.61104027
-10.36849387,-2.476273144
-10.02105255,-3.043396005
-4.119248449,0.41846884
23.35194049,-13.57535006
17.3911687,23.81233143
16.58699408,19.31809592
25.65775395,-17.26682495
12.66590516,23.59987871
28.39827203,-12.26530946
17.51192429,23.95566142
29.06786385,-17.07566373
24.06710866,-12.24343176
17.24824336,21.26601349
14.44317133,26.51113436
29.89683095,-14.24249315
-7.707392488,-3.730625423
24.75025743,-9.72573154
-5.491225712,-0.208884162
-10.28839875,-1.130844657
14.98172108,27.36628308
18.90856033,20.01721512
30.1734454,-12.2817928
-6.717454898,-3.001141027
-6.952803739,-3.972990935
-4.751285336,-2.498209242
23.52149046,-14.5767093
26.92871386,-14.88794627
-6.954133942,-2.461870678
25.09012159,-13.02208135
-4.826758172,-4.119833684
29.99164274,-13.22693826
24.41818897,-11.6797216
27.79688699,-12.21817411
30.16370353,-12.7641551
14.2719958,19.82575085
24.69640226,-16.00829507
11.84471263,23.07441667
14.1619368,26.96054218
15.46207982,23.64379773
18.67939586,18.55138598
-3.550001769,2.264692648
-8.124796982,2.96586492
14.91275978,25.28163066
18.39376842,26.51235356
31.05219455,-14.96496963
-6.434564047,-0.888871887
26.61734304,-14.10925973
25.52711797,-11.94863878
14.74616976,23.11824225
17.83896137,24.10836287
26.71451778,-17.23557019
31.19261994,-11.03596851
31.17692892,-10.91232683
16.23972762,19.19600131
-8.187275512,-3.925008039
-8.055248562,0.71696348
25.90729322,-11.80456084
30.01078062,-17.51244765
-5.623895224,1.890562322
28.31983641,-16.51788371
27.86574886,-12.04229223
17.79377738,21.4500266
17.34198012,18.12743878
25.52248416,-10.97852364
-7.587511167,1.91021092
-10.18081551,2.467132053
-7.534061825,-4.310667745
18.40533391,25.12006309
25.82114625,-16.29736772
-3.886842374,2.258673788
-3.322414539,-2.724611304
-8.906305567,4.088948943
12.56380343,18.76307581
12.82021237,20.96586576
-6.522085685,-0.796356919
-10.14510799,3.209301113
-5.707529976,-1.021107389
-5.976851518,-0.898863109
-6.193557496,3.693293236
-5.230183554,1.624379474
-9.132109923,2.379793663
30.64193236,-11.49018651
-10.33394639,-3.36959437
-2.839389641,-2.464004013
15.88268789,25.16998991
30.51203226,-10.41931206
30.1248038,-10.17202256
32.00865279,-14.44604595
-3.824228409,3.228660946
24.93356866,-10.2799067
12.46015151,19.67698325
17.41652393,23.69085609
28.66664615,-15.57030578
-6.274522586,1.459801049
-6.880505617,4.352358999
19.49301815,20.09853034
13.79433872,25.65831091
17.76222542,19.14486126
-5.439074266,2.319285142
-7.680465868,1.507453022
30.67678624,-15.71672751
23.00739297,-13.03454653
23.70700756,-14.58571176
28.47819064,-16.11114224
29.93496453,-15.36396387
15.17359008,23.71119591
-3.452482126,1.304079982
16.59674846,21.6276
18.86894575,22.88995525
15.62935219,21.18021748
13.89355049,25.98635837
13.02205725,22.38791151
16.08782072,20.59830533
31.92158946,-13.65190324
17.49922144,21.0037139
26.13258109,-16.10825685
28.94096162,-14.70309266
-2.096419671,-1.232436881
18.48611185,26.004373
26.35320859,-10.3599727
-7.03052751,-2.600110225
25.01087118,-11.40997525
-7.424224001,-0.075604998
29.24494045,-10.99252778
10.97698762,22.13000051
24.62296612,-14.34965312
25.86521925,-17.4557307
16.8132269,21.26883469
-3.726284336,-2.815767059
13.40423659,18.97730445
17.72618265,23.27720155
29.50835997,-17.10128994
-4.704495399,-3.209211992
17.22377644,24.26476256
14.83773229,17.97886552
-8.490430947,0.649534866
14.61097695,19.60920401
31.67316877,-11.53429727
-4.123853183,-3.765812722
12.70347235,25.13949238
26.29617645,-12.92097786
16.24149236,18.27694565
-4.329049651,2.204011109
-4.107181123,-4.002642281
-5.191203945,-3.881592337
-2.771385994,2.206098556
28.9197388,-10.96174671
32.08716853,-11.26463903
17.60508703,19.0933543
-4.259282867,2.538079321
-7.304101626,4.446608815
11.96854343,23.09701366
15.47993314,19.52756941
-4.352775208,-2.898200531
16.07839458,22.88958154
-3.483512187,-3.332185556
11.68438857,19.62170281
15.84458672,21.40263753
17.71527624,21.31794237
30.40299932,-9.591446057
32.54256263,-13.61164062
-7.350439048,0.063451607
-8.288134109,-4.313980691
28.06560531,-15.59856677
-10.82889312,1.476390603
-2.638428228,0.73790665
15.22060737,23.70729241
23.45515531,-15.58203646
14.76416922,20.99918363
-9.417299754,1.916375327
19.24885529,22.55546133
-3.710822384,0.190015156
18.70266388,21.27268209
-9.375294427,1.366648853
-5.330130838,-0.096719705
-8.066326826,-0.416916157
30.64569734,-13.4538168
24.98484772,-12.8286827
16.17825427,26.65843894
31.10599856,-15.73576989
19.69916104,21.52118911
18.54556617,20.33106671
20.30107616,20.77389778
28.02185739,-12.62503879
-6.765693047,0.433024243
18.42907646,20.62605088
-8.314659948,3.143801348
26.41439318,-14.6566646
14.28574463,19.56812053
-4.148456119,-2.035542538
18.76782618,20.24526268
-7.55566727,1.517694411
30.67220799,-10.14040258
-6.097495451,2.254554427
28.72790282,-15.00863755
23.33768099,-12.01649053
-5.374681331,-4.567140489
15.65354165,27.00953604
14.70690328,26.61279642
18.36960836,26.09323266
-6.805426306,-5.056635227
-9.783717186,-3.303141373
16.65977075,23.45240561
14.94301231,25.64342413
15.75889728,21.49435914
-6.521219871,-0.872677014
13.93984305,18.66893063
28.22729754,-12.60536442
15.07035407,20.96484351
31.68674592,-15.60477288
-6.759639101,-2.021868829
30.26277571,-15.02589167
16.70991376,26.00903826
-2.230248391,1.641576541
17.95905435,18.58489379
27.69544714,-17.929398
15.63005064,27.0530789
16.50527006,21.81860017
28.20678376,-18.31143256
18.79011179,23.79162856
-2.825721828,-2.005997487
31.84803777,-16.18146368
26.05594483,-13.02910786
26.26179385,-9.404727912
-7.646208181,-4.286259147
28.11974094,-15.15081674
14.61607345,23.29486857
20.06904345,24.06925455
28.27991338,-16.18114814
17.76841586,27.01046771
19.50833853,21.7146924
-9.537805214,-2.459751576
14.78080818,23.76976938
16.83464454,19.93133775
-8.103101643,-1.913800558
-2.315611626,-0.242376208
-3.656603025,1.690807728
19.9320999,21.37292798
-8.333015833,-0.060293886
17.06180873,20.64639676
30.67812224,-13.76529162
25.48712351,-11.55521472
-4.659255962,-1.592633918
28.95592417,-9.003469301
17.02039565,26.07597506
13.85245012,21.54348948
16.94328415,24.23919041
-4.952534008,-3.420482239
-9.796269804,-1.635792311
-7.319347766,-0.846437183
-9.398316441,0.346256085
16.64355469,18.58579534
26.74992416,-14.68225706
23.5073382,-14.75857058
18.30179418,19.85012848
32.59935154,-13.87513232
25.77959235,-11.41410385
15.30702897,17.78673919
28.63062053,-12.55360872
-4.880688838,-0.136617163
30.00028219,-17.50639273
-9.539763504,0.020028813
-2.641382669,-1.511711714
14.36515192,26.03403192
23.6258516,-12.18685526
15.39675259,24.26815344
-2.2998743,-1.64499111
29.50477886,-12.14920735
-8.122563138,3.887979082
-9.745578811,-0.9195476
-6.849894054,3.865552272
12.50446438,19.80313236
-10.40267537,-1.531119724
28.21419261,-18.24357927
24.50793352,-12.64364804
15.21096244,24.28651477
24.16612931,-15.97517809
12.43656713,25.26410838
13.20876521,22.59889402
-7.291971162,2.275037891
23.99472866,-12.26988642
16.86713333,19.75998052
30.74284754,-15.10348534
-5.898298358,-2.02022696
24.74217788,-9.675879943
28.94702801,-14.38075836
29.14176322,-13.52058052
19.84867568,24.25362362
-10.85734477,2.018696291
30.18083167,-17.1227363
20.17556213,21.98628684
13.98097323,20.0417974
-1.996746191,-1.314301048
18.9430927,24.54936046
-4.55981299,-3.999460667
-6.401676256,-0.560054725
-6.020217892,4.172664667
-10.13679167,2.105835858
-7.919873159,-2.088209075
-9.164480023,1.465589289
25.71327197,-16.88693505
11.38371024,22.77077411
17.18459355,21.19557024
13.84440967,27.03148177
-2.740261571,1.610546122
30.23491363,-16.68548163
-6.573030803,-2.642693454
10.81608994,22.04304498
-7.637380591,-2.950111014
30.64552919,-17.05223453
-6.629494033,4.687175309
31.04385732,-15.47124867
20.17516531,23.71992192
-9.414783637,-0.516255691
-8.911739975,3.273149295
18.86888533,26.05483275
-7.928765168,3.642959496
17.82346352,26.39984931
27.87539687,-9.948767465
17.32069497,22.56451995
19.40343814,22.41038783
29.33129141,-17.73226354
14.9716739,27.10058554
20.32880672,22.80234899
-10.90823951,-0.948619189
30.24105674,-9.308587399
31.43908114,-15.81155319
-5.591766553,2.134947826
19.64141915,24.15310687
13.29716086,25.71625255
11.27187363,23.77824853
28.96306025,-11.23029967
-5.715881677,0.687919213
17.28398837,18.87143775
30.59389135,-12.30632906
-2.729524511,-0.873071819
25.25413084,-15.56034103
-3.969185243,-1.298452397
15.12308065,26.034433
18.2233707,24.37991303
23.73458088,-10.62607369
15.5343813,26.67906203
28.88460643,-14.82415602
16.74273055,18.025766
26.08873399,-9.502706343
18.18754466,20.70150826
17.44902016,18.07018151
15.28359258,19.07654329
26.70489849,-13.38584228
-6.689050632,-0.122292321
-4.202671305,-2.050895159
-5.697308164,-4.56643998
-8.62447526,-2.107850004
-3.906438811,-2.332261862
14.03521495,22.54460971
22.99067738,-13.92008523
14.89922323,26.19037435
26.94948407,-11.62769523
28.33880439,-10.11425942
-11.57329743,-0.613714158
32.09938192,-12.03458655
27.26294633,-16.11741087
14.9078596,17.69531983
29.33373729,-11.12235582
13.38804397,22.37641223
13.51917211,25.06170255
-7.663994821,2.521611091
31.73547691,-15.88323822
-8.409303143,-1.247023968
15.41889695,24.70930857
26.81520515,-12.60032549
-11.06241241,1.273321402
15.64332885,19.84072811
18.47080943,20.70274656
-3.155018647,1.217703004
30.19696706,-16.70348146
31.5831734,-15.12886726
14.3600621,20.25455712
15.55008919,24.85173405
-6.248451278,1.089179885
29.50577726,-10.83311247
28.59931407,-13.93752943
-7.928745919,-4.43129892
-7.86133146,-0.544369967
-5.334709206,-3.400621395
23.05504519,-12.31197207
-6.33519664,-2.888646168
13.50157568,18.45820482
-8.717752168,-0.539810211
18.11352957,23.47196897
12.79129188,25.64034687
27.70508112,-10.80816686
-8.680504129,0.366871279
27.52355353,-15.20619394
16.73078351,23.67868001
18.26819113,21.4504012
25.36201657,-13.77636858
29.67005746,-14.1950249
-5.247219952,-3.608831552
23.91097908,-12.65183302
28.14255896,-12.936694
-10.08016154,-2.740134892
11.63829279,21.86844646
25.29576643,-10.79829974
30.12858102,-9.986792107
12.84170854,23.09324991
-8.356569813,-0.033386118
30.48195175,-12.45963992
-5.331555902,0.602579106
-8.061231503,2.816847936
12.38811485,22.36358872
26.33924161,-11.03109613
-6.021249342,-4.596976567
23.89661249,-10.4091614
18.05985073,22.99651116
-6.513744892,4.129776009
13.2472494,25.98200147
27.88316615,-14.4611395
20.44998938,22.78390004
15.42732912,27.42763432
12.04145846,20.2022869
-10.17316077,0.699926032
29.13373325,-16.9581338
-5.691005378,4.600462366
18.54353104,21.30808119
27.4184868,-15.67298032
25.86707041,-11.41915378
27.47026331,-11.1571239
25.49730907,-15.12961187
30.29958862,-11.91361547
-7.358778006,2.459295721
11.31808126,22.19385084
-1.992509114,-1.890680075
17.26174458,25.15793453
-4.114472951,-3.108462727
27.44838324,-14.07517108
15.67374437,26.98354369
27.42191511,-11.94649997
16.33165912,21.08188881
-10.74690823,-2.591014468
31.18576564,-15.49200802
-10.84310787,-1.454538376
24.67724247,-11.15163764
24.77495265,-13.59181763
29.61957309,-14.25927234
17.87281114,20.69388774
29.18500143,-13.06512152
-5.236467977,1.454725919
-3.322688414,1.479783344
13.85061899,21.52656168
19.72471388,23.9271264
18.89244754,19.55953833
23.6318375,-11.49731089
16.60929371,25.95469813
28.92372711,-12.93736242
30.32477433,-12.73682641
-6.444394923,2.806748262
-6.581945181,-3.229947054
12.63895731,22.08912478
-8.86305565,-1.837367618
24.99208682,-12.9672325
26.98641824,-8.845731681
14.14939766,24.9366341
27.68939859,-15.88476656
29.65960067,-16.90859928
19.18226899,22.67427939
32.46738059,-12.48550843
31.60256964,-10.28058049
-7.194413044,-2.272358389
-8.032844851,-1.968075734
-7.958428196,0.423838036
26.67403839,-9.254765486
-2.247916495,1.142379316
25.64841304,-10.86704752
-2.31660591,0.508937097
18.4321449,18.71056713
29.39770724,-13.34764381
-8.724532701,-4.45580114
18.66399514,23.13077274
13.32966553,25.27553738
-5.777158426,-4.471354004
25.1870868,-17.22697652
-4.087758731,-3.232217527
18.27886118,20.93489576
-9.88437043,0.57237757
12.80335771,20.25920165
28.96031074,-12.60853886
24.45016544,-16.24165007
24.92969421,-9.450419813
18.75172267,19.51952995
-3.2301295,-0.126704144
-4.19251948,-2.612073164
31.97826916,-11.29167884
24.08933667,-11.17156973
11.98041743,24.96677696
14.58141204,25.30782783
28.17799292,-10.87428722
20.48279729,23.08603147
-8.838156579,3.613195801
-4.54011036,-2.237827964
-10.53804302,-0.543236984
-7.924178846,-2.997144436
20.23568731,20.52986082
16.57573335,20.29071592
11.99601298,19.25571539
28.75504379,-14.41072798
-2.789691447,0.52938201
-4.040088967,1.71756775
-2.009109956,1.295134563
-5.442275281,0.229890764
-2.735367113,-3.282370962
31.77013308,-10.41877692
23.75187066,-13.48794627
25.3541731,-11.50026495
15.37001008,24.59664951
-3.473013286,1.575733534
13.65657826,26.3454107
14.52398917,20.78486181
-4.129601921,2.258557156
-8.917242447,-1.016812515
30.54464952,-12.51216336
-2.406662796,0.105551546
27.08083121,-10.957081
-11.59887617,-0.611671002
18.38242971,25.53210321
18.35676758,19.73167624
-7.863434041,-2.309882439
23.34725583,-12.49640665
12.12885067,20.68648133
25.41846859,-11.27743612
26.81583958,-9.82168797
24.9655908,-15.73883375
27.25006894,-16.50571065
13.55987806,20.66660437
27.50911525,-16.5221902
14.70744751,21.42133998
30.66938343,-13.65891739
27.40674372,-9.599682016
18.54761738,22.84395259
19.18099863,21.40856409
25.09759886,-16.68290082
30.05530682,-10.10572637
-9.256693849,-0.136948022
24.34615632,-15.82967103
11.89721186,25.33776845
11.88805859,21.04160557
-9.139745633,-3.992126718
14.56802451,25.87481847
-7.298760974,4.074559449
-5.209983252,2.111795312
25.6147758,-11.2566179
19.02638724,19.78304739
11.87618283,22.69171222
-3.966014383,2.933260581
-8.655334655,1.834040986
-8.114632456,-3.278443359
24.0384009,-14.61422655
29.36251421,-8.777464458
13.5731537,18.43407607
30.37621963,-16.72268578
-6.110993505,1.103837459
17.83967632,20.69331946
24.20991368,-10.5691373
27.03024433,-15.59795781
18.15699662,20.86711324
-5.987180465,-4.346665323
-10.89286161,2.064113921
16.95907216,20.19561021
-7.144969386,3.410491188
26.17240387,-12.98541816
-3.047768378,2.513751091
30.73658698,-16.97275293
23.98121027,-12.75284163
-4.504527396,-0.275637994
15.23013238,19.13914604
-10.71894498,0.894539959
25.94982253,-11.32464122
15.96713032,23.03170049
-5.760678119,0.546834517
-10.38990435,1.607232798
29.03704954,-12.9413734
19.84168865,19.9344831
-10.27491976,-1.917160108
31.33050537,-15.72318336
13.85908633,22.04057198
18.90740067,20.01149378
25.21066027,-13.50096084
14.60063522,20.04831101
13.12755057,23.50068093
-7.278225007,-4.954831521
18.11290552,19.64406161
14.82935123,20.75073473
-8.409532821,-0.225703595
17.27202267,21.24638381
29.56876583,-15.67143635
27.67060109,-14.35693463
24.30972219,-12.46386164
-4.946405994,-4.819369131
19.89731425,20.43271499
31.31026742,-16.45412099
27.91887011,-12.12752284
17.33882709,24.76489031
15.52185991,17.93290489
24.2294713,-11.43406926
17.47766875,21.48616329
-7.319829725,2.201642745
-7.846561206,-3.86705345
14.52522687,22.11302553
15.53408797,27.44234417
-7.147667989,-1.303963884
-4.219226991,0.97968392
-9.617668082,3.551321104
-2.401617768,-0.00957732
10.77270077,23.13547684
14.1387024,22.71011881
-4.676638664,-4.014532879
28.60840601,-14.1464938
12.22674658,21.97862953
-9.392507775,1.069392155
17.08417882,19.88779836
18.56435839,19.03356939
-3.563619994,0.744396125
-2.213095445,-0.092858378
-8.063921558,4.091481754
12.34278972,19.71276518
-6.800485805,3.516540473
18.97395556,25.94398995
-4.149992361,0.432005234
17.18742401,22.23371831
-10.30240273,1.528549753
13.24565597,26.38500636
31.5015836,-16.15992656
-10.58607996,-0.716446012
-4.283147964,-0.791272883
-6.846352868,3.945002627
26.6997846,-10.74879952
-9.887195725,2.969332107
16.53448615,26.19414183
-6.960270652,-2.668474527
13.15024354,20.32575128
27.2084498,-12.75797263
30.65870666,-15.62630927
18.98276327,25.42368829
-5.86887644,1.77570418
-8.477532773,2.093815652
29.87945207,-16.95458263
16.56751618,24.17681868
16.2445072,23.34622262
19.55169935,19.98617948
-2.628148278,-1.587719993
-11.57562047,-0.545655375
26.12777024,-10.10405504
-7.733013451,2.860042424
14.28833449,22.7817858
-7.158903711,-2.618107318
-10.79746792,2.375065502
15.76266693,22.84714725
28.95333048,-12.50151688
15.81131369,19.33069875
-7.282122866,-2.449241902
14.44876921,19.03687051
-10.387742,0.620864855
23.62022235,-11.09721853
14.0025891,26.04728037
26.36817846,-14.03854675
29.79114184,-12.92284036
16.86464474,26.78512933
12.31155068,25.65444486
24.47473529,-10.2493052
-8.112139321,-3.167750465
29.96839047,-10.32246143
31.4868801,-15.80849192
13.74767239,20.94170582
18.50652002,20.74210722
11.32082896,23.56926369
11.54519458,21.47335443
23.73318429,-10.89415542
15.52119,19.08306317
-8.123316404,0.615536388
-6.548217656,1.255373876
-9.764659,0.409237929
-4.319899841,-4.184587736
19.36158838,22.0095948
28.23893719,-9.60086206
-4.311133809,1.563300372
-6.518324763,0.260369481
27.41733627,-13.30625031
-6.270696003,-1.700432798
14.32195553,27.17539159
26.29923698,-10.93066273
-10.47239072,-2.495381716
24.38793128,-16.72967061
-6.354540884,-1.829106191
24.74935775,-17.0139046
23.67721727,-11.43520571
23.7601386,-11.36672608
-6.852136712,-3.692226943
29.84467018,-9.619601745
-7.830348646,1.651172128
15.03676911,25.85145608
-8.085643472,-4.432903676
-5.821776907,-1.618952477
30.34450305,-10.70970241
18.60297193,22.58035804
27.94022696,-16.3016723
16.42015145,21.70687842
-9.924046393,-2.910032736
19.60696602,22.16507539
26.79139806,-9.523490294
13.32442149,22.12480885
-7.320180008,-3.78230206
-4.567530402,-0.459142112
-4.772015188,0.018496238
-2.96045053,-1.333282882
-10.33789365,-2.725116673
-6.636922707,-0.001625335
18.53747917,23.53357093
16.36210598,26.59399788
30.49012007,-17.48818025
-3.405003126,1.535075803
-4.487631775,-2.388895097
26.47480359,-9.104549274
30.15462997,-15.34581401
-5.988493097,2.07467382
-8.284141562,-1.352526451
27.42186898,-10.27292523
24.75328795,-9.612689406
-3.220258792,0.784762906
22.88496472,-13.48375868
14.50248094,25.47203633
-8.245692949,-1.351327769
27.26423622,-8.509180342
-3.622800033,-2.048782439
16.69090914,24.82874476
-4.397815637,3.703680192
17.25312107,18.5935597
-9.680915725,-0.289501667
27.32493017,-10.30780802
16.24340074,25.50292987
11.58234127,21.48400586
-8.667521098,-1.756554649
14.5982692,23.8947659
-4.778778365,3.17152976
23.25860887,-13.62753424
-10.77148262,-0.837811201
27.16431893,-9.128822564
31.37225628,-12.11315847
-9.7356747,0.45247182
29.91409216,-10.43452357
14.39208104,17.8997121
-11.48848053,0.435025713
-9.26571646,-4.13028175
24.02803223,-13.44286582
-8.36443626,-4.332851378
12.62464642,19.95212846
19.65150663,24.86321858
12.35477966,19.89221077
-4.984763252,-1.754076381
-10.83238263,0.163314303
17.18535555,24.08848563
-4.058120344,3.32819566
30.55369546,-14.10521206
28.86634631,-10.11308083
-6.133598418,2.61979857
-2.467237936,0.177793323
14.57978038,21.08753448
-9.11309098,3.690697633
20.18566477,24.25553197
15.44550993,23.10080423
11.41113315,20.11375047
25.82017287,-11.02880645
28.73728544,-17.22671608
16.84478457,25.94970736
-3.121059581,2.007671759
-4.134018426,0.566798823
-6.233166586,-0.497930542
-8.165531165,0.136333392
-9.516468708,2.823841171
32.28895426,-11.62352541
12.55359921,22.4248371
-10.86082073,0.391719979
17.86777948,24.40667589
13.89736218,20.47493918
27.89255082,-10.30433664
-9.458604912,3.61936556
17.87583987,20.48017649
-9.298018353,-3.585691021
26.65358288,-14.78762598
11.56459532,21.16415293
26.99213052,-15.88588338
28.5165485,-17.06490098
15.42712406,19.31052709
30.2446583,-12.78173172
-3.912258999,-3.225366129
-8.129742753,-1.221411877
-8.662651287,-3.472867534
15.08235013,26.16059656
26.4139633,-15.53532816
18.74046085,20.9906772
24.08265731,-10.79535865
28.28007565,-12.54777547
15.87674957,19.0702151
-3.377405276,2.940272771
-7.10107292,-3.640415838
28.8803931,-12.81351748
-4.996175944,-0.533125444
12.92806575,25.5140113
29.1907339,-9.975585021
28.38798764,-11.91466333
24.10141197,-12.61121341
24.44114432,-16.51328152
16.64027273,25.21646297
17.80372328,19.61746364
-3.779670232,-2.626307796
24.95060096,-10.69464724
-11.30970455,1.04053059
28.34270815,-8.805591415
28.90430429,-17.76713027
29.3321623,-9.736204668
25.34885848,-11.99038958
19.91526233,22.91309457
16.80700448,20.03978353
28.7671335,-15.35914483
13.67190512,26.70987691
-7.739822245,0.669915281
-5.35851119,-3.781292618
25.20806656,-15.71101839
26.54159257,-13.04688751
26.51689236,-12.1864286
-6.381064406,-1.151106928
-3.555499811,-0.059193481
15.40381697,17.79698605
19.45997867,25.66691675
-8.269786995,4.057131237
31.43103669,-14.93367261
-5.597888008,-5.022158899
23.75064492,-15.43356136
28.00840485,-11.9962901
18.68484107,19.14329889
16.12809417,22.91134509
30.1473587,-10.35664372
16.88933099,21.17332157
-2.505463038,0.746983957
13.50103389,24.24873338
-5.728707683,1.621731936
16.62881101,17.83226727
-5.921606673,-3.003976026
23.27697416,-13.15152415
-11.15967648,-2.275174186
-10.32157131,0.00812558
-4.180925035,-1.764935861
29.3293123,-10.27735685
15.75009242,19.96644637
-5.704920928,-0.440642792
-7.303961167,-2.341462925
13.24553304,26.69411668
32.1720436,-14.31272573
18.33626277,22.14551023
19.73224606,22.07229563
-6.90367051,-0.47469545
13.27696506,19.49999658
-4.242762611,1.071810684
15.06501318,19.72480403
-6.241899858,-3.427243094
17.29281075,20.49045149
-5.154512229,4.332547449
28.04471459,-11.1221962
-7.892991132,1.573537874
14.79891574,18.54438085
-10.44136057,-2.196211264
-6.958423269,1.022228846
-10.10678779,1.850169774
26.48169956,-13.41770251
-7.334244227,-2.632476872
26.35112162,-16.03919596
16.84759727,23.83994069
26.23426767,-10.95127979
-6.637297884,0.43744827
-11.55376212,-0.630803801
30.10089519,-10.56291772
26.27078276,-8.748800614
-6.263883074,3.676262116
-4.928356249,-3.765908859
16.55243782,18.87202713
16.15279594,24.80469799
-9.670785267,-0.327366917
17.84720858,20.51665839
16.57469688,25.64410907
27.4533129,-10.06106903
-2.226491881,-2.358091285
-9.075286864,-0.858495863
11.05699166,21.6223326
13.39143105,22.09944966
28.19269495,-16.83757661
-4.469466822,3.611535053
24.09276421,-16.4094744
13.27881218,22.59614486
29.13594645,-11.22219505
-3.993236377,1.74291245
-5.990726846,1.754220147
30.58850237,-16.89806128
-3.710980795,1.199530045
15.07854801,26.76996917
24.60760469,-12.97102806
18.88658246,21.41609182
17.2734455,22.16072266
12.06288963,25.48381338
-9.394520151,-3.957034115
13.25989458,26.74248979
16.27722458,21.88454787
28.15923949,-13.61281098
31.98810876,-13.45000035
-8.343063211,2.487141927
31.64031836,-16.08128312
13.92747736,19.55560047
19.29089647,22.10821536
26.35317701,-14.74907698
32.54552818,-13.56331565
11.71987812,22.64012578
11.67365745,24.26087062
-5.719880505,0.284007036
28.00843191,-12.95540271
23.77864716,-13.32963523
-6.030147235,-0.231041578
14.8782992,26.28833663
-7.474879559,-0.118561698
31.72106299,-15.99067094
-8.693492619,-1.912622479
29.83706679,-17.41264101
-8.470642985,1.569334898
17.38261161,18.61906498
25.98957428,-11.79143286
13.33498777,18.72865959
15.50412154,18.53113664
10.91289138,21.22892747
24.29545241,-14.53255336
30.93612609,-17.20460815
15.80987099,18.44494311
-9.913312744,-2.666010625
30.93398237,-16.90642602
-9.047186531,-0.688064357
30.53940268,-13.22885262
32.0480346,-14.54516898
16.5561316,21.86709333
16.22447482,23.87292216
-5.744904791,-2.238085368
18.70976449,20.44965867
31.34949079,-12.48709409
-5.598084086,1.733389852
-3.722423701,3.807354307
27.47081048,-10.80644596
-4.766912539,2.921362181
-10.18814318,1.472905006
29.01214133,-12.17123058
-6.71825995,1.477727347
28.332772,-14.76056285
-2.947235005,1.387261777
-4.927199972,0.458562396
-4.504014245,0.974041616
12.55204494,20.24305978
24.59543157,-16.07707381
27.55589648,-12.46277764
28.747587,-16.80127914
17.75040603,22.11333613
-7.55361502,3.655279662
18.71607967,20.36791264
14.04283397,23.11517041
17.55697017,18.84115672
18.86969792,22.46180323
31.58543662,-12.67203107
-2.949755353,0.822576184
28.34581259,-13.58794799
24.01517749,-11.77633998
20.12639774,22.63963943
27.77484295,-12.33989393
25.76280428,-11.27435712
13.91813863,18.25052675
19.4734313,22.6423183
25.66340023,-9.835432992
30.62659177,-11.82228678
25.55361338,-10.30282131
15.41447149,26.02023375
18.24055687,24.98978323
27.6432423,-14.05728854
14.59641633,18.06974993
29.68343622,-9.548559061
17.73201401,23.21323262
-8.073608764,1.675698213
-4.736570747,-2.000169891
13.35128539,18.27653115
13.81996876,21.45827642
29.07602724,-18.02460171
16.69097173,19.57358335
-11.03130881,-1.291879544
-6.521097897,-3.453782428
-7.786093712,-0.936722552
24.74012417,-13.7075141
-7.076747413,-2.068318781
19.97870042,24.05382028
32.39075447,-14.60201352
-2.660933939,-1.538873795
16.45668843,26.74838945
18.83451063,20.43862468
12.77584015,23.93371384
-5.303904713,-3.118018718
27.75515687,-13.54417596
-3.559920487,-3.936157725
31.0646871,-13.57266504
-5.100275951,2.712318465
-11.33347939,0.92744256
13.44242547,18.50715132
25.33966493,-11.20710437
16.93617435,26.32276317
15.06269417,25.91067264
-5.016334658,-0.196870924
16.54277567,19.84489997
29.72042151,-9.591148805
27.60028003,-15.50844197
31.30400519,-11.32319914
12.26784871,19.69291919
24.07067631,-13.1890301
18.27844894,24.99381437
12.04092487,23.89602376
15.21829123,20.47884448
31.96793702,-15.79466666
28.2219384,-15.19461725
12.1929771,23.5155337
-4.485317789,0.069619663
30.67004001,-10.01694853
29.26214696,-8.858957285
-4.63281734,3.146959284
-6.76078689,-4.513596325
12.38358682,22.64270289
-10.60295222,1.440660595
24.57888849,-13.29692751
29.98750652,-11.40490568
13.96127514,18.71686989
29.25226278,-17.63924599
15.50689336,24.67897952
26.51428174,-16.97155014
-8.334439458,0.698061677
-8.312772777,-3.12254339
19.63144138,23.23520579
17.20971984,19.70986407
-9.443609121,-1.937959192
-4.786333035,-4.818103459
19.76321285,25.22159829
-7.385648443,-2.425597013
-3.895149669,-0.178420712
-6.726915459,-2.918492224
-3.330685014,2.98928648
30.84780387,-14.75078984
25.34911618,-14.9975238
-11.23021374,-0.629285343
15.32644775,19.64493526
14.10318268,24.38159959
14.28348395,25.00661952
27.32837863,-11.66423306
-2.257015663,0.684617393
-9.919241518,-3.60040322
23.47741006,-13.21434941
26.39763473,-14.28726778
19.03532623,19.99897115
-9.587061258,0.752205895
13.92066414,25.63496257
-2.943174133,-2.003322697
14.30249048,19.83432901
14.12754164,25.97765299
27.91383212,-12.05458472
-4.824095797,-2.089322293
13.35547994,20.7339331
12.0301922,21.98118154
-9.453748436,0.586059563
-5.159411722,4.296193202
16.41213078,22.91865777
15.49955118,17.99278654
-9.265516013,-4.159691755
27.88051221,-12.32733919
28.50557284,-9.292384702
12.08983815,23.90833613
-3.479340555,-3.671691365
-6.419869094,-2.020737895
31.04752904,-11.6265722
29.22045366,-10.61567584
-3.783567609,-3.269021441
-3.349821053,-2.739873881
29.9117545,-17.2735897
10.85475869,22.15485045
12.12920679,22.75634736
31.03543631,-14.11355895
-4.698262895,1.151026993
14.33097445,20.95858318
19.03218825,25.27600386
-6.523470593,3.39051611
-5.141269485,-4.571576783
26.36623652,-10.32895331
24.03349735,-13.00963252
26.83075386,-15.82312711
-8.96370608,-2.567958016
24.82077336,-13.49198666
26.14361647,-15.44897295
27.64594416,-12.00749462
17.69548004,26.7482732
-10.58470826,-0.717699324
17.95713307,26.36010422
-7.336937762,-4.438302778
17.20165656,25.93292971
11.4216521,23.52938286
27.97064295,-17.95358857
17.97174348,23.27770644
17.50239937,19.88004635
32.20318249,-12.64375102
-7.787139763,-0.088287512
29.50605621,-14.19576562
-8.73457702,0.293735788
17.14401182,18.41615534
24.29561298,-16.84116022
30.5653869,-14.98562728
-8.730049586,-2.413154598
30.25219204,-15.83899627
-5.30326915,3.52401543
-7.651880815,-2.633910069
-4.704785652,1.326850849
31.91009523,-12.88520344
13.70465481,20.40938982
27.6287549,-11.13367628
30.89207043,-11.79002156
12.31030034,19.07548739
-8.694390805,-4.564434413
28.86428417,-9.710433509
25.60977225,-11.40602626
31.16237358,-11.28638978
28.71973231,-8.816436209
19.33626286,25.40597429
14.52430934,21.80351632
19.18224676,21.73477788
29.64132328,-9.972350589
-9.303337839,1.229183674
24.35317657,-11.46413937
-2.160205833,-2.332996981
-2.806048294,2.318807385
24.46644539,-10.2152104
27.20864059,-12.03433159
-7.535408915,-1.274696809
-4.605682524,-3.316151271
-7.5810533,-3.840465221
19.60944906,19.45466127
27.55153008,-12.07778808
-6.963548593,-0.347597026
14.71170078,19.19741018
29.12093513,-18.04901457
12.37013697,20.04629663
17.19432003,26.96097217
20.01742368,23.35572289
26.30039427,-13.38683747
-8.649346735,-0.95465086
25.97839769,-16.85702919
-3.399251405,-2.943654733
17.07700638,25.41666339
-5.833524798,-2.384541954
-7.056542179,-4.796288678
16.48858554,21.5285144
20.13248315,22.38116024
12.20609137,22.476367
26.24718314,-14.3598178
26.88765385,-17.95211209
14.22288648,19.22327356
30.96486195,-10.44199254
28.44488627,-14.08156857
17.43767038,23.00243251
-3.250176039,-3.224733041
19.87598472,24.31867805
-10.96244648,0.658947097
-8.175849515,-3.139610427
15.76590788,19.3518706
10.85856026,22.63274125
28.3301966,-14.97152053
-3.287609207,-0.01068969
27.6261734,-10.93616601
-7.276399028,-4.032685185
25.73851444,-15.76357701
24.68985564,-11.76168012
18.86355508,25.00473732
27.62220219,-12.02055502
-7.761181802,1.697721861
-4.595156789,-0.024587011
-6.40992717,2.906181866
-8.077215162,3.649858958
13.19552483,21.23438711
15.46068698,26.48458641
11.64430012,22.37587241
18.8890279,21.40612877
-9.516528878,-2.528193875
-6.120326025,-1.500204402
25.48173758,-14.81033701
-8.740562199,-1.513552385
24.24550555,-11.70533419
26.10592155,-9.275655242
-6.500505916,1.993162533
14.82350607,18.30504339
32.19384771,-12.80961958
-4.400842161,1.607249608
-7.337746983,3.159897351
24.18067479,-10.62623792
15.55226102,18.20444556
-7.086603735,-2.368715669
18.36869689,25.2825655
-11.38560199,-1.592823775
16.15113265,24.51960211
23.1247819,-13.5655714
11.38611374,23.02078644
-9.271174441,-4.181026507
24.6504606,-15.99818638
17.94190874,20.14217825
16.32995736,19.93394013
-5.467433262,-4.167676041
-9.912827191,0.859622957
-10.5126788,-2.29304481
-5.128124537,0.65409123
-6.972767072,2.580115749
28.78599473,-11.20722815
27.64127494,-11.40949674
17.77903378,22.5537615
-5.227562791,3.083715334
-7.383074807,-1.07582285
-11.51091025,-0.477352416
-6.143232049,0.190230328
-4.193219182,-0.452125007
16.89048552,26.65569626
28.5739877,-15.84781914
14.4111466,22.26248793
26.90678014,-10.82297134
-10.83009631,-2.177157
-9.993364989,0.747869101
-7.726213205,-0.308744871
15.28813971,18.97443187
28.2008957,-10.25367073
29.07551081,-17.84943263
-7.053488832,-3.514170837
-4.887436757,1.885803305
12.68103223,25.88404974
20.34308316,22.83975905
-7.269570871,3.288067139
13.99541673,20.60783505
28.74201354,-8.926975178
-9.55599174,-1.943813319
-7.823621175,1.982172427
32.26628174,-11.46457482
-9.571769953,1.360609702
23.59412583,-15.94249206
27.81257138,-16.87492466
18.33778264,19.72179117
26.19643869,-15.33755458
30.09778366,-17.55928759
25.34267354,-14.49457201
-3.530854195,-0.522652138
-6.586314426,2.568862988
30.93064353,-15.21887174
17.92085341,26.44952372
31.25253076,-15.56227387
19.44732111,23.68217847
12.39193816,26.03125279
-3.153553937,-1.67686224
-7.453710405,3.753569283
12.26848044,25.12557328
26.21178528,-12.0591295
19.88610514,22.61987711
26.99153286,-8.668486949
28.56344563,-14.63867352
-7.8727606,1.476416953
29.38950628,-9.510661157
28.91994921,-13.47609318
12.14042773,20.2059073
30.9197341,-16.97617049
27.33516567,-15.09431172
29.114713,-8.724848985
-11.3211599,-1.330919354
-8.219430551,-1.552571676
14.06703941,19.85973571
18.08494911,25.97376992
25.57746109,-11.78840038
29.35671701,-12.17110876
14.35923058,20.54896441
29.04664164,-9.257951631
14.53415268,27.12676208
-4.39347436,-1.887465059
30.22188866,-14.99629265
24.94862999,-13.08397281
27.77449026,-12.51541382
-10.31220616,1.865855448
-11.48800998,-0.151627446
30.09687565,-11.97706668
14.99152137,17.94402692
-6.383015441,4.401057041
-2.640352285,1.942424694
15.93484712,22.58492258
-8.528955715,-0.313161672
25.31767319,-16.05201607
20.16358223,20.48891741
27.63048321,-12.17650496
13.70267223,21.70508985
-6.68631067,0.340199172
29.73728928,-8.801190331
32.21714829,-14.84200442
-3.655687074,0.821014609
19.21491338,23.97800528
16.47941414,24.73854029
28.60951364,-10.72959003
14.29446444,21.32913851
19.47797428,23.99729849
30.20754008,-17.61024813
15.71620391,18.3971735
-3.64271004,-2.908012996
26.35802638,-16.08531319
15.91724671,23.83760157
15.03623905,18.05447584
28.59854491,-17.40651288
16.76924436,25.36517465
-9.258874861,0.141964026
-7.881063475,-4.383483499
15.04795649,19.05429461
11.04711845,21.32819655
13.61328617,24.87657167
-5.602314348,3.354520215
14.06062453,26.32800687
18.05858167,20.19088653
16.52549255,19.0173734
12.54486505,24.62619472
-4.030079755,-0.221911193
-8.419835077,-1.317421994
-6.329086623,1.552235189
30.6149855,-12.50785509
27.1368433,-11.64827027
26.93111117,-9.941102366
-7.583942338,1.558022889
25.93476203,-9.996682126
27.39718457,-10.05372586
-2.301575375,1.856214929
11.22646431,23.57970527
-6.455507744,-2.85368663
-2.362989771,-1.393208367
28.34431387,-16.60211432
-10.04238127,3.227183097
-10.22068637,2.662656103
17.59417,23.66269182
17.37774088,20.81688812
-3.2968728,2.57100547
19.84122264,22.95758552
18.95783636,25.36402758
-7.995139155,3.094692211
24.47512669,-14.74778647
18.23688546,23.8569328
27.71229735,-9.210274261
16.49776617,25.5834528
27.93249756,-11.67850532
17.77308553,20.97499929
-9.443190847,1.491350645
11.89756849,23.47080713
12.0750073,20.42874427
14.5078959,18.16673383
-3.304925099,-3.459931679
30.20172766,-14.14069613
-5.143318529,-2.246398964
26.87486408,-9.668208807
29.52493707,-15.51226816
30.28663513,-9.084388599
-6.28607197,0.936089048
28.69996241,-8.614665616
-10.70039725,1.324669179
26.95750124,-13.91310745
-1.775097932,0.030704418
29.46983012,-9.991952557
-6.113323032,4.095555321
-11.54278131,-1.020051279
25.04943054,-11.98369144
20.10541269,23.37170299
-4.823523726,3.404803971
27.24843451,-15.0851656
13.72750862,22.21349094
-3.939634415,1.059454365
16.59509361,23.34215808
-6.52762649,-1.445500492
-2.957767059,1.447264165
14.75006497,23.92912181
-9.516918178,-3.958784239
26.56245539,-12.61119467
-1.863898452,-1.036071245
15.53856549,25.90243229
28.80138085,-13.63276996
-5.491329372,3.592973424
-6.621239489,3.391245311
29.32947704,-14.88226467
18.11771863,20.42018787
-5.682206545,-0.373349346
31.52397113,-13.95905874
32.61397167,-14.42623471
-5.798853859,-0.834389775
-8.726243363,-1.928725497
14.98157279,24.33413111
29.72206184,-11.25812003
25.2002432,-11.19094977
-10.22495073,2.062856881
-4.061045452,-0.522999855
22.90537393,-13.9255127
26.84517832,-17.19505705
-5.086290355,-4.573182636
-7.577474454,0.113216914
-2.617129919,1.294820073
-8.239476371,2.443692384
19.11844193,19.43648698
30.32779094,-15.34572652
24.21598384,-11.75286936
-2.98661976,-2.593921225
31.22578984,-14.88683565
18.15682983,20.07586945
17.72648989,21.44597949
-10.258856,-1.175770785
-2.509544457,0.781725307
-8.23391323,2.282054105
14.7130928,18.09973453
-7.74734591,-5.007024639
-4.645657395,-3.201779006
25.87265499,-10.38450188
-4.101219949,1.891652868
-6.251531769,-3.865867356
25.73734864,-14.55581853
29.21797698,-16.18796929
29.83387697,-9.902535757
-2.669082616,-0.946843119
27.90752458,-12.89523083
28.68782935,-11.40519933
20.39436,23.02889291
14.52972367,17.72653272
-7.683317075,-4.649695939
29.82263669,-17.6079422
13.75948367,24.81695826
18.52809239,23.00775414
15.82971524,24.79279382
12.93051977,22.58975334
19.37463731,22.01205949
12.51007835,24.13233433
14.86846838,23.82651586
-5.700192016,-1.346226128
23.62171807,-15.14744223
11.11049109,22.74457073
12.11134322,19.63407242
18.82733774,20.13735246
19.33140051,25.11685395
16.17713306,25.84735675
31.32838331,-13.76804071
-10.81826887,0.386594332
16.00336608,19.48032824
16.45141222,22.41272941
12.33284412,21.71215185
29.01365167,-15.08215862
31.3130481,-13.84653331
14.76924581,19.61949961
11.60638364,21.63505807
11.0373933,21.92044357
17.92627323,25.82021996
-7.379637044,-0.791744266
-6.826654498,-0.370434842
26.0659398,-13.53481939
25.68609628,-17.23495952
-5.821796574,4.592717652
-2.405593446,1.85469871
30.08396242,-16.43268494
10.83768428,22.79519688
-4.599422988,2.967650974
25.81590485,-13.87842451
29.65430885,-11.63321455
28.5527655,-9.082041171
15.95649552,27.10704356
12.71857555,20.94478416
-8.621342598,2.725565278
13.98338785,18.13495575
12.92128572,22.77019655
27.89799944,-11.60396378
19.69745793,24.42382278
30.21700941,-13.80256853
-11.18551631,0.589746246
-6.810744578,4.07865505
17.70624443,25.95131041
29.11549234,-9.88577706
14.17423804,18.95452753
18.92566006,24.62333287
31.3724879,-15.39229709
27.72567814,-14.27108562
25.92003278,-17.35740132
-7.795706523,-0.917320442
23.92033318,-16.08739571
32.24230009,-11.48760373
25.07677084,-10.81873021
17.60151297,19.95109664
25.99463963,-12.54446173
29.06142873,-9.30380177
32.37227487,-15.16283398
15.79658958,24.0496398
30.4729435,-13.61525684
-5.67391033,-3.604828425
24.16337796,-11.45603027
24.36340156,-12.11712442
14.85752521,25.90820488
-8.323034674,-1.023734559
30.46649746,-15.94816815
13.96989977,26.1985027
12.07353331,21.27138865
-2.726226775,-0.950254267
-7.328292734,-2.016059452
13.35572157,23.74260569
26.42213116,-17.09796224
32.19459598,-11.4772524
12.70645525,22.33904246
12.33507038,19.86568514
31.45261451,-10.46630633
-7.940006827,-0.459833928
29.6110312,-17.7023518
-6.457367323,-1.583289591
-6.521852779,2.385456164
-9.331647345,-0.770988431
-6.085777698,-0.114907136
-7.524131032,-4.200251428
18.0452543,19.20908628
-9.493726719,-2.282846049
14.61873668,19.99787764
-6.885286386,-0.185406674
14.85906372,24.94339538
-7.414400128,3.705438563
12.86696922,26.08988627
17.19289261,18.18912084
-9.060103709,-0.108429941
13.85342145,18.35545358
24.82538947,-11.08712459
-3.534300459,0.507640836
-7.144003727,4.576678027
-3.497797346,-3.708822941
19.50607382,21.42548141
15.91510691,17.90023541
-5.820139706,-2.082454098
-9.800041777,0.372007824
-6.419893301,-1.675875
17.5232983,19.90190526
14.7595471,18.52735382
-10.83840487,-2.069347507
-6.023866369,-4.804446523
-5.33333107,1.8115243
17.01004073,24.07248582
14.92582305,18.15475442
11.74326858,21.44153042
13.39843773,22.13415659
-4.573789757,3.800121163
15.47232511,17.55691177
30.70137601,-16.92557217
25.39185905,-11.47140539
-2.998256786,0.460932182
16.18327861,18.11687915
18.66573708,21.41995753
24.36088634,-16.58369776
-2.435585585,-0.602342989
23.22165566,-13.90338995
30.35131803,-15.10603772
-6.869476166,-3.803063104
25.46109152,-14.73264199
15.68052742,23.5814385
19.75401219,23.7074638
-6.392681191,-2.932578707
28.07009677,-9.399483652
27.76349674,-14.34889483
16.49716026,25.04842596
-5.465012794,-0.843916229
-8.893286596,-1.353257021
-3.100648606,-0.611907794
17.82780332,18.2376432
-9.957304815,2.4217763
14.13141112,24.69378964
13.93593771,19.90571906
-6.418775427,4.077144831
25.48728795,-13.84814613
-5.196404967,1.809360473
-7.89476584,3.830571356
32.4450245,-11.72036702
-5.788751039,-4.411149978
25.9490388,-12.88744303
15.53193537,20.63707323
24.34543877,-14.65135776
-4.24334727,-1.150320208
26.93679093,-10.24115533
25.61231728,-9.751915653
19.68026146,20.9464031
15.82729052,22.80854472
-4.047380445,1.609462876
-6.891941521,0.502543893
29.29080079,-9.26473403
-3.431682241,-2.822198038
26.24358873,-10.45156514
-9.346802962,-1.153762068
-8.528858879,-2.181885193
29.31011723,-11.75718748
28.33231975,-14.13672958
-6.334823645,-2.113156529
15.20399694,24.91819391
13.49908766,26.24417475
30.21465324,-14.58778481
16.61574435,21.25964863
31.58980254,-15.66048101
23.60757018,-12.51646822
-4.604592497,-1.422387528
-9.529024216,2.601526154
28.66110515,-17.24802788
12.4221111,22.50543318
15.7143309,17.6395041
19.02936575,20.62564478
28.24906399,-12.3106763
-5.679291098,-3.810146524
27.67353164,-12.33285371
17.41486121,23.5659254
-10.2025428,-2.629743982
15.44793211,18.93400437
17.57517266,20.1436047
-7.207108233,-5.085551889
15.62572412,20.84830877
-6.945599283,-4.411688265
28.3069987,-11.03918473
23.61510782,-11.11248149
27.83400001,-18.32731068
28.50608235,-13.44606907
-3.417719866,-3.899254224
-7.503245722,2.519667917
24.99242665,-13.97622485
31.7698225,-11.16224059
-10.69173529,-2.796668834
-4.952829069,-2.770258274
-2.774542436,-2.42896538
15.19470766,21.4395037
31.48107228,-12.24241076
-2.809322777,-1.772588846
30.66052034,-14.32737027
30.90921582,-15.92641981
16.20685657,19.11194536
29.1697702,-17.03675327
30.3068268,-13.20346841
29.48024234,-8.991697578
16.12387573,17.91355123
27.17980834,-15.63601867
-6.066236373,-2.290135572
-10.41121237,2.027893115
-3.025286333,-0.520050855
25.89356009,-13.9182942
-2.951707764,-1.279376594
-5.700271288,4.015774992
-9.34496469,1.837689319
16.56440855,22.85295828
25.75017729,-9.047701072
-6.358902587,-0.380451061
16.96906993,21.31388413
-9.297293063,3.474775732
19.94092298,24.52153698
32.41085588,-11.8493014
24.37050767,-16.94609743
11.70858208,20.74620207
14.67148645,26.90504428
-8.077476957,0.406894434
28.85658799,-8.811512748
13.53638283,24.31491193
28.59129158,-11.02204445
-10.18507645,1.985440659
14.27239895,19.42283563
-6.538274584,-4.174157229
14.04299139,17.83797581
17.27992575,20.66145198
12.5138185,21.17266966
26.03779627,-13.71530448
29.5126729,-10.38784085
16.8784804,23.58476776
24.58887463,-15.59976863
30.59931209,-9.843832736
-9.170247158,-2.889115387
16.46346564,22.98290589
30.14944906,-9.989635035
-8.544720155,-3.633754476
19.49145062,22.47939908
12.58133357,25.90541032
-8.059388926,2.569353389
25.26530803,-9.330507808
16.62470003,19.85943466
16.95173532,23.91836924
19.53715895,22.85684964
-9.112491271,-3.355314862
-4.645010854,1.181151557
25.8249149,-13.51839826
32.33086055,-14.04782217
31.17454644,-11.08875373
31.224759,-15.22136343
27.1855929,-15.19167739
16.55356311,22.26822158
-3.094015185,-2.641680745
-11.0222036,-2.139999693
-9.082940174,-2.698585899
-6.956871938,-3.367433227
25.51538299,-16.0965868
14.87395394,18.5129952
25.79738908,-14.80732187
29.47680275,-10.31200965
-4.500179777,3.82784325
19.61045949,21.16984831
16.71617951,20.26234416
17.95223736,20.11835168
15.72309156,19.18479093
13.88959128,20.64216728
24.86454718,-15.56825348
-7.796095487,3.779118868
18.71214912,19.57453808
18.53961861,20.75864889
-4.453641431,-1.420523198
11.67614781,24.29801737
25.65892693,-16.86413654
15.41284052,24.95071526
12.38494328,22.02967386
31.90786075,-15.01499068
25.19121566,-11.2420547
-6.177193551,-3.997845972
24.73712516,-9.483075023
24.12832241,-15.03019409
-4.708661386,-1.715512493
-10.15360116,2.245511363
-3.921708866,1.693382135
19.47538646,21.82816245
-10.81405961,-0.403892107
25.06811878,-9.649914466
30.22933004,-11.01457675
-6.895893258,1.735582137
32.53998268,-14.13801205
28.68496479,-17.1217604
-3.225814375,-1.080264399
-7.36527447,2.433734262
-7.982972079,-3.26585784
25.69890664,-9.468695893
18.67230665,19.54057144
29.80251234,-13.8457502
-4.494795599,1.810357981
-8.209359851,0.830534135
-9.802242988,1.436790053
-7.843717949,-0.433371832
-9.664105048,0.241080095
30.76986984,-9.993347668
20.31687302,21.59674317
30.379607,-15.22001571
12.70663059,26.12218492
17.19588381,21.5622572
-10.14264887,0.058563748
20.09144769,21.46711741
12.5809775,19.2466869
-6.529279263,-3.996951063
26.2375684,-14.11886997
29.90076355,-15.72798861
27.28727481,-15.63744113
-10.15327846,-3.481945364
31.23023628,-15.6348321
28.04334129,-18.13846155
-7.782162198,-4.202459607
-10.56513019,2.335784463
-2.515905837,-1.88058466
15.19797175,23.36372079
16.20161149,21.77114371
25.20793237,-13.68058745
31.94897046,-12.74797109
-8.969701821,-4.318874751
15.39715926,24.98939756
-2.96559746,2.06330671
13.85684397,23.03958836
28.55264244,-12.77246036
-9.860337632,-3.567112612
-2.788872997,0.049279261
30.90517263,-10.77813053
-5.477560853,0.355227786
-7.337006902,-2.523415966
26.34982583,-12.70376001
-5.427137391,-4.354620422
14.04216074,24.61335159
-9.696223152,1.119716925
13.73533335,23.90505583
26.01877035,-13.98847249
23.4894163,-11.60823472
26.61279426,-15.0359548
12.74839567,21.06519204
23.73102438,-11.41775643
-8.993625698,-3.803827528
13.53640116,24.33545633
-7.488447271,-5.0320707
25.58224465,-11.36845805
12.11421869,19.40287597
26.80746975,-17.71127107
27.79708655,-16.88166579
-6.927607712,-4.831339227
15.99070445,25.40657448
30.5574095,-14.91872326
17.95419022,23.63589967
-6.607136442,1.760504392
23.92850383,-11.94276075
27.85398758,-17.72651653
17.27495645,19.87112851
16.74887416,20.1199798
28.41075265,-12.82796784
-7.537714488,3.430503176
-9.533183818,-1.647263055
15.51705593,17.58289385
-9.874019975,-2.165696223
27.90997812,-15.88954279
16.99262057,26.3164293
-8.158419255,-4.295758785
-5.555310372,0.122845054
13.95797785,21.9201704
-9.168349474,-0.671553629
11.88276396,25.47573242
26.05696114,-9.72706032
26.47638507,-9.188712717
26.28014814,-14.91823412
15.17622944,25.09327153
16.88173815,25.93854122
31.48389723,-13.32089202
-7.781449052,-1.531437502
17.18811713,20.69213998
27.67696173,-11.20454697
31.24651215,-16.62252496
14.68878782,19.1825792
12.47649359,21.43494311
29.72107118,-10.15961122
29.4378945,-13.25041192
-6.883506645,4.319658013
-6.070973622,0.457309663
24.94350231,-11.96775201
25.83432085,-16.69640965
10.80332028,23.37063885
26.36914831,-13.1419036
-6.133075009,0.641714179
-8.319172576,0.403453867
-8.693202134,0.783185595
15.17978169,25.80226661
-6.503281447,1.140205143
-7.635488862,0.377777449
-9.463498705,-4.0349983
29.61970583,-15.56758455
-2.632287707,2.090761887
16.00704187,27.03259391
-4.57763232,1.901727338
-6.118769295,2.908452949
-7.186302899,0.961386248
-10.54140959,-2.187514567
30.19488577,-16.72434702
-10.15882684,3.111168133
-5.283444325,-3.092734704
18.9263997,21.71374258
-7.143468803,3.192323658
16.13662894,20.77109941
-4.033872441,-0.654447327
-7.822483982,3.401689549
-8.402635589,0.701176734
28.25245039,-18.14787522
15.67216537,18.24556845
16.35978803,22.6765769
23.05432032,-14.39153633
-10.02331117,1.044874354
18.74969193,19.30373071
-6.027559597,0.451834131
19.81099969,22.98664623
17.83521302,20.77988837
-8.74392863,0.370134732
27.96476057,-14.71642635
-10.14526035,-0.062223931
-4.847514571,-1.928492454
13.66558041,24.19598058
25.75705268,-13.21521462
-5.117854425,1.347587933
-8.564934585,-0.845086089
19.41419616,23.19885733
11.02733103,24.21218178
27.93769952,-14.58364998
-7.382280591,0.136916771
-9.383130548,0.661268032
13.26493674,21.28928629
-3.089864634,1.806582769
-9.226934406,-1.694402903
11.27804811,23.96254006
17.99000331,25.89731668
15.5907222,25.17527337
11.34419688,23.65833214
12.2654096,19.5706451
13.24895714,25.12894354
-5.153029428,-4.086594266
-10.84757634,-2.677854525
16.39370497,17.82179977
-4.66311219,-0.938352424
27.96206825,-14.85070199
19.60728445,20.8992276
-5.860256347,0.388805197
12.58006622,21.59610335
17.25982402,24.45152172
16.71097659,27.38733966
-6.760901911,0.858327429
-9.396859828,3.587812159
25.97687154,-13.6317301
-11.43399065,-0.890978818
30.50909488,-10.03833006
15.80141526,17.78991158
-8.595333681,-3.700578289
14.61222939,23.11315318
-3.98974268,-3.697302525
-6.857307914,4.098595399
-11.1249529,-2.344174972
25.47769279,-17.77885483
25.32570901,-9.672259794
18.65671651,19.61654613
30.40334885,-11.85740708
14.42994848,18.62688853
-8.472893734,-0.11440831
17.84099691,25.19677446
19.22500749,21.55653477
-9.261435122,1.682554356
-10.2937321,2.764535775
-7.453112049,3.852139156
-10.15449639,-0.353247795
13.5957712,19.97256594
30.70211606,-15.11253948
18.40134725,18.62964199
18.12030017,21.16778866
-8.096522459,-2.794992304
-8.424038475,0.508018444
12.78709709,23.39051035
18.06709245,19.19615251
26.51532876,-13.16879784
18.49096727,19.23697645
23.54799849,-13.014585
30.11859592,-10.96119207
-5.284704465,1.908265964
14.00208665,22.00422404
31.66637526,-11.25404693
-4.117950251,0.242936207
13.65521906,17.9850752
-8.128169415,-0.665545364
17.74177471,19.84675007
-6.677943576,-1.36671989
17.84851167,19.74704953
-5.618689133,2.308660985
-3.972903509,-0.509904443
16.04740915,24.65340341
25.69027343,-14.93799938
-10.00463165,-0.473155946
11.08764908,22.65282336
11.53253226,23.05229556
11.77120543,23.4094918
13.96738566,20.6446987
24.36898936,-14.55259752
-4.482806096,-3.815500644
-10.03818552,2.151762553
29.40468507,-11.76424661
18.34720571,21.0650241
25.21650845,-17.35055333
-8.899933053,2.038437923
-3.596988878,0.382096399
15.05958106,24.84144174
29.9164447,-11.01339763
18.13762629,18.35345643
-4.675376606,3.847671953
-3.837083646,-4.217195582
-8.847453688,-2.474411956
-7.585743647,1.83241306
-4.855825433,3.296384293
30.41750156,-14.61108405
30.37888814,-16.87328631
-8.534841442,-1.035207478
-4.881438404,-3.136697654
30.64176616,-17.07440734
-2.878119395,-2.475981358
-2.462526319,0.196396479
25.48024472,-17.53034965
12.37698116,24.39340346
29.22024078,-17.49158403
28.39121275,-18.31909096
-10.689081,-1.807715133
14.39817267,25.12947888
-7.05907112,-3.292338884
-6.139114255,-1.519640801
28.20314745,-16.53957615
25.19084471,-13.85723708
19.39751072,24.990898
13.86773099,24.25611714
-8.01100682,-4.250732352
25.24260656,-12.51387917
-8.629812554,-2.027735362
-8.865578213,-2.083880414
-10.39271416,-1.687804199
16.16528003,21.76446691
15.18725464,22.33079736
-5.082370929,-3.408911791
16.08262088,21.56934376
32.53449482,-12.35701272
25.31480187,-13.32077538
12.49357067,20.76963684
14.84439426,21.87984235
30.48568135,-12.89485395
-5.454250569,2.104305041
31.96383887,-10.83025681
24.44153867,-14.02077213
-4.436050675,0.170745641
-1.758341068,-0.607287795
12.82292903,24.60813009
17.10267024,17.80711112
29.45420538,-14.14626523
27.48925251,-15.50592594
29.45987673,-10.10134674
29.54039604,-13.60715642
-6.6077367,1.436679997
-3.376712993,-1.770809049
-6.116659283,1.917112636
-7.104768104,-3.757945926
-7.651979423,2.54336806
13.15915595,25.45662458
-5.974884415,2.543201775
-4.853571711,3.743836661
-4.503550222,-4.521702563
32.35243439,-13.57263576
-8.290526806,3.93183502
-9.194687769,-3.511304037
-6.408326658,2.793900464
-9.748400671,0.385536639
-8.478632298,-0.28432541
23.67353857,-14.98462845
-8.294325825,-0.409806298
-2.86998498,-1.080839624
24.37676276,-16.47926879
-2.343184354,1.370234277
-10.12735125,-3.054035306
18.58677557,24.88470159
-4.238956063,-0.780704358
-3.633656438,1.298657791
-5.433873084,-2.108710194
-11.07192942,-2.02073734
24.69870747,-12.65991524
18.17372699,18.21388019
-10.31412267,0.266050463
20.26806511,21.14012851
-9.440507908,3.220934663
27.69168831,-11.05427512
-5.085043706,-4.784657193
14.09880818,26.52930604
28.70517193,-8.992619484
13.1081812,20.50292936
-9.235002522,-1.386597058
27.14166932,-15.75643447
29.33084686,-14.42022866
30.95063485,-14.80774942
16.21121288,25.4586633
-6.617863657,-3.051597065
14.63954395,17.96765254
-2.055157989,1.147905339
15.37383704,25.95456359
29.46151364,-11.6076809
-7.54375798,3.629701922
18.80726158,23.53771257
-9.744105783,-2.609176193
18.82578824,19.94723042
-8.788540386,-3.486422622
12.25380493,22.20372178
-6.528108778,0.351381182
-4.497989973,-0.702191474
16.71495676,21.03181886
27.34577751,-16.2823637
-4.646652093,-3.128014812
15.05991487,26.60580818
29.50460346,-10.14226087
28.19756566,-8.88411513
-11.23467698,1.699933407
15.56324802,26.22378857
-4.340934905,1.138999528
27.92586348,-11.49943365
-5.401955076,2.109812044
29.24995206,-17.14713405
28.72853446,-16.42207145
23.84319513,-11.50768767
-9.649081282,3.570793774
32.50444619,-12.50868968
26.57938108,-17.02728742
29.04171183,-14.5818038
28.71117319,-15.81243672
12.09096274,19.20214493
16.82088674,18.63544423
24.97801353,-10.39347604
25.79740884,-14.56309667
17.63874792,18.25048002
-10.37037351,1.586913049
16.74755852,17.75849402
28.04764255,-12.5229766
17.31228421,20.38891443
29.84758642,-14.97363989
29.87963911,-17.33351918
24.23375232,-13.5499267
-6.395103741,3.564069487
-4.614704692,0.843322705
13.4673147,19.26413188
29.33595879,-15.03504227
-3.933522912,0.785069593
-9.610051954,-2.524650688
18.61396691,19.31332627
-8.50364865,1.888697054
-10.42442305,2.315899936
26.42716718,-16.16668984
-8.143138537,-4.040916869
-8.889040879,-4.350426557
-8.437644263,-4.51659136
13.35493843,21.23577089
-9.393213333,-0.085526706
25.72217158,-10.3546073
13.50258157,22.34947121
-7.640738687,1.814163838
-10.69096259,-0.36664889
17.91786703,21.66902256
26.7106599,-9.41842501
30.73454056,-13.75401797
25.77906117,-16.87943525
13.21861446,20.41914447
24.71486521,-15.44937156
-7.936527205,-0.713085211
27.56890507,-17.02040815
-4.129642476,1.252668365
19.21123488,25.341606
-5.077845278,-0.401700085
-9.185564947,-4.000359354
-10.59038214,1.574881417
-3.178723714,-1.135539443
29.324381,-14.9320681
15.44311708,20.28820846
-11.46470165,-0.361893239
-2.936040843,-3.142832049
11.63840587,21.69328266
22.83924387,-13.13626444
-2.236172226,-0.994573528
29.90730193,-10.99875224
11.93421327,22.20924766
-9.088156574,-1.254375581
25.22772723,-13.72269983
18.22043574,19.88140485
-4.148176753,-3.102409185
28.41422041,-16.68854966
-8.436858238,-1.934766957
-9.039598509,-4.42102215
18.27010779,20.14861617
-10.32605379,-2.282088853
-10.17925522,-2.22033488
-7.935564546,-4.570834893
13.12029542,25.57301837
29.77974984,-16.74070932
17.1257659,22.34147087
16.90689766,24.20298628
-5.471606921,3.543340024
12.37635128,24.65324954
15.68579256,23.61537897
27.63245982,-9.742533733
-3.637216254,1.177067388
-4.245179799,1.876339318
19.8142002,20.43666258
-3.996814439,3.17700923
-9.214203706,2.583741442
17.96110425,23.62285059
23.83852033,-13.7446373
-3.199673587,-2.356863769
24.623508,-11.37781301
26.87463206,-14.56740705
17.83649216,18.64847695
17.65089713,24.91357542
17.64600746,25.99252031
31.65306281,-10.68133403
-6.772917948,-2.566494858
12.36159915,22.59362228
-9.432209067,-4.168811878
31.90961887,-11.13681081
24.71446163,-14.27254697
15.44213088,17.66533111
16.52945762,22.23020997
14.85495351,26.89737928
29.92959134,-15.53769844
17.89896461,20.46672756
-6.745951625,3.248441405
25.65920259,-13.59734753
14.04194894,25.44836707
19.08183505,19.57266558
26.51780239,-13.35218642
17.78357391,23.20920462
19.47388359,24.14454639
27.16528012,-15.06282189
17.32544761,18.17159215
-7.52188879,-2.438077966
28.01675742,-14.82633729
13.67745244,18.67739631
25.61315118,-9.346743621
13.40492531,19.84750812
14.47500602,20.0782269
29.10217577,-13.38316089
17.51207678,21.40013796
-7.666687943,-1.397622797
14.47047661,23.2385135
23.56802668,-13.38929844
-9.358358621,3.672127864
23.30357882,-12.48072647
16.54465416,19.2895079
18.18967021,23.75309568
12.23403433,21.23864555
-8.632926999,2.132155567
-11.26629172,1.05325055
17.43997005,25.41471836
17.48948819,24.28781278
14.89949958,18.86036726
23.99850219,-14.36211837
-8.122973417,-2.998740617
15.55687244,19.49500255
25.03770382,-9.552021077
19.00617408,20.29966351
-10.8023368,-0.982675542
18.05416506,18.14606431
31.0536907,-14.76065223
18.840388,19.94336229
16.33429026,18.39310105
15.72952229,26.72246035
19.90951413,23.71951391
32.57814404,-13.25681699
26.60981266,-9.639563879
15.01340831,18.53633076
28.20187104,-11.72879154
-2.988404935,2.824994092
-10.73752251,1.129264332
-2.332054528,-0.185749062
13.2120979,22.2833875
19.9038684,22.20085991
28.79837987,-9.733230822
14.89042322,26.63731149
13.00032792,21.90036146
17.71429616,19.80352361
18.98119847,22.72541058
-4.734623149,-3.944435083
-4.201103106,-2.199339452
18.96542139,24.65210096
15.97469421,24.1167543
32.2923609,-14.99740336
27.68391127,-11.7561809
25.19973877,-11.92229112
-8.321841069,-4.068558528
15.40211949,18.29865042
-8.265577492,0.683416713
-6.514211674,0.377639546
18.38672385,19.68032591
14.36189736,23.08419398
24.95840658,-12.36596646
-5.79748635,0.213362677
25.85616141,-9.258705903
-9.67909954,-0.474008867
19.33871066,24.09721377
32.00387953,-12.17486884
27.69245507,-18.02023146
-4.381417522,-1.361408603
25.66915311,-10.80784982
26.48725921,-10.17671792
25.06437661,-17.30957646
-5.917659723,4.095482368
-10.23537212,-1.456167642
-10.24459778,1.149277033
17.36346258,25.59743363
-10.00845899,-3.173768291
-6.337605158,0.010926374
-2.616035024,-0.529640724
-8.429066854,3.012622104
14.17872888,20.13524114
-11.01519995,0.854602052
-3.503439884,2.984506572
-11.52768791,0.632473539
-1.817833288,0.01288397
26.62661013,-15.09577997
17.00267718,19.74010482
13.57241564,24.33477238
16.10140087,18.8550788
-3.55920776,-2.502934742
25.58919211,-12.3073089
19.32296501,23.51677499
30.07610316,-14.9799014
25.52990304,-12.12211594
12.82476357,19.51511841
14.77882506,17.80293458
29.21735667,-9.492116154
-4.587539488,-1.618249141
30.53932339,-11.21648168
17.622138,20.84034896
-9.115568969,0.288826348
13.17244768,25.12213946
-2.278926031,0.466178643
28.86102171,-9.300452108
15.98160289,25.26823468
15.4027165,21.80642411
27.10397256,-11.44585927
28.99288975,-13.96027787
24.82974279,-14.25609672
30.84760827,-12.36689437
25.73588503,-12.83715104
11.20264668,23.89604498
24.69038923,-13.4989184
19.67307618,22.13967256
15.668124,23.41977806
-6.404977431,4.573532084
19.21032726,19.8755858
15.74254411,20.56013484
28.40733754,-13.42714439
28.72132634,-17.41453727
27.96089174,-13.24488344
15.33967996,23.21363483
-2.214846646,-2.176009354
28.18174932,-11.82531677
23.49226958,-15.05762021
24.67280869,-13.18866677
25.59046969,-15.16960422
11.74467014,24.21323807
32.18350512,-13.01942562
19.3046396,22.26324934
17.96361994,22.41204484
-7.835028653,-1.680724509
19.03346154,21.38442129
-8.791225272,-2.632491627
-8.900563569,-3.627776056
31.25965738,-14.75589244
17.95017517,24.94864622
11.26744875,23.43999615
24.06450504,-11.25906332
24.79799733,-9.561442362
-2.228550547,-2.045430365
-10.63448535,2.426627082
-6.561631936,2.646344771
-6.936618073,1.229869611
18.04936793,22.75361519
-3.968895454,-2.535798193
18.11891573,25.47291854
25.47916383,-12.11807886
14.38181294,26.10100112
26.94693891,-13.72086661
-4.307141321,3.053776942
-5.009348457,0.626776322
-5.75382737,2.962709391
17.36528088,18.22263038
15.50293092,25.64367247
18.23393731,24.40614034
17.01244787,19.52303379
-2.987088075,-1.720243419
11.29124064,24.50374713
15.31820716,20.45938867
28.03474219,-14.29931046
23.66590548,-16.07514556
-5.0459343,-0.01205383
19.00164163,23.511311
-7.438824156,-3.099975152
-6.757356281,-1.535445659
17.24839813,26.87784456
26.14158464,-13.7255108
24.59538335,-11.59009129
11.53965993,25.0162265
-4.782228624,-1.798989356
20.12706072,21.49547264
23.64704341,-14.36797894
-7.538764715,2.849656887
-11.14471524,-1.543986007
-9.168478706,-2.383851035
23.80337294,-13.51361396
16.21559828,21.79623297
-10.48802287,0.713110267
-5.192075978,0.999030853
-6.22318899,-2.585803422
-10.83938564,-0.848826129
-7.094174064,-4.303898184
15.03841468,20.27232657
-6.993283513,-0.703698748
-5.90644093,-3.568301492
25.98044891,-12.74963154
14.96037005,21.60096066
30.53577051,-16.00199907
10.9112765,22.61695924
-8.551567883,3.277470614
-4.508134716,1.816241957
-10.47616283,0.130236742
16.20678243,25.71497072
15.28780878,22.35680402
-7.610129507,-1.546093052
-6.233038511,-2.604597655
14.49555682,27.04612118
-10.97027051,0.550857435
-7.180910775,-4.758430145
19.64388478,21.21165286
13.6259308,21.34723639
-8.124721168,-3.507220875
29.72628925,-13.8732652
-4.676430262,-3.888077178
14.17774088,21.09400969
-3.319297885,0.575828151
-6.960306201,-3.353678365
32.45441661,-13.56293883
-4.43983659,-1.813095336
14.42656505,23.69558288
19.23992948,23.02616346
28.37026387,-14.62393128
19.63467129,21.42703515
28.8387259,-11.66349444
24.88449524,-13.36271808
16.90601894,24.78658755
-3.11840226,1.149619783
31.30533345,-16.20567082
16.91956989,23.68500609
-7.391439579,-3.605925489
18.68031029,24.87318751
17.21621311,26.98803472
25.48955132,-9.435471313
11.79572919,19.88593556
28.92171585,-14.16389547
12.20281946,22.57185866
17.57965941,26.36141331
14.69028014,24.77453212
29.52178965,-14.31459494
32.72105938,-13.91490186
23.31155149,-11.67713668
16.17077691,17.79776969
28.8955583,-14.50452052
30.33592771,-13.71956363
13.87030714,18.29463677
-2.453226944,0.979818292
-7.630420059,0.625881607
29.37442447,-11.03296259
11.50300817,21.87045888
29.28092058,-12.16664634
25.09007067,-15.49013873
-3.280089366,-3.120650892
-7.48108655,4.34196292
30.35510697,-11.23189612
-4.77740174,-4.251665545
25.59379028,-16.16215442
-9.09604992,-0.5474986
-3.115576318,-2.592681799
-6.552337719,-3.116682623
26.82509964,-13.20918814
-7.778472924,-3.987336308
26.71665394,-11.76857536
23.48645751,-11.94639568
15.96296873,26.54387984
13.86911526,26.79499299
27.97415464,-10.06859174
-4.556686812,-3.691913375
-9.625330346,-2.880556792
-5.111352034,3.900876653
-10.07759586,0.306881637
13.67409562,24.81471381
32.10243714,-15.0546199
-5.787791128,0.509463161
28.75323177,-14.27769137
16.57611321,22.52613307
14.7759465,19.9303639
-3.814551033,1.150600733
13.74055788,19.5421127
13.97378831,19.91936851
15.73877504,26.41623086
15.76448395,20.70758311
14.90726063,26.85113256
15.10551019,23.18235128
28.78925298,-12.56781243
30.50103507,-10.48771026
28.66297309,-9.829945226
30.45705857,-14.27913168
25.76030922,-11.12328961
17.58468196,20.249356
-2.622634403,2.061796028
28.27317196,-16.21054451
-6.912251444,3.315502424
-8.497263106,-2.448622671
14.89906427,24.26918782
15.83576998,24.58025654
25.86250825,-15.0596226
-8.845961737,-0.899243882
20.24706807,22.87855338
17.78638136,21.17866654
29.13180497,-13.72182536
23.62823005,-13.98982381
25.22560649,-16.39856262
-4.942411001,0.389163407
26.44872275,-13.58480243
12.82328253,25.39860813
-9.407310906,2.058258772
24.6187045,-12.83263805
-2.552716051,-0.625254743
13.66231334,26.56859293
17.09835035,21.36759724
-8.161079766,-4.368199529
-7.609164218,-3.839076772
11.79683384,25.17078915
-6.608554267,-2.524715805
-9.359372299,3.659868215
-9.637273921,1.882138118
18.39152902,22.42918908
-3.116847705,-3.016461727
16.4347002,17.70635267
-4.084557906,1.826596761
29.64605468,-10.6309947
27.02075992,-9.315805733
-4.817865958,0.739703629
28.16519043,-15.32687588
26.84750332,-15.7553255
-10.21600944,0.512132927
-3.817316262,-3.350898178
-7.360637829,1.788432951
-6.055921631,-3.835083087
19.0810058,21.01686415
-9.340096801,-0.43531463
-7.688093218,1.675454022
29.69271594,-14.76223376
-6.267959752,2.039165482
12.92106215,18.62724958
27.57479009,-12.49827923
15.92608221,21.53429579
-7.121879772,-4.053436734
20.40533343,22.12079169
-7.695290315,-1.050944314
-8.579698307,-4.124141656
17.3890931,21.37988887
15.19868117,22.92897882
-2.329709476,-1.284937595
-9.076342934,-0.892829486
30.57983389,-14.26632959
-3.553544624,-4.078847746
-9.979661947,1.530663723
20.52454406,23.53241094
29.84293429,-12.06215432
13.5223246,22.88939233
24.93320564,-10.98275043
-5.148087775,-2.543388668
29.36213477,-16.50077056
26.62400554,-10.16611344
27.22148943,-16.64428303
-10.8283819,2.030482014
13.3967475,23.16343126
27.22124515,-12.99008156
28.71274448,-12.57417635
-4.343333677,3.482177357
28.06600649,-8.897931052
-7.999761987,-1.667111476
-9.286121139,-4.426962271
12.40295148,19.45978061
19.77414834,21.91018095
27.80275003,-13.85308268
29.03502271,-17.93472307
26.58351877,-14.52016556
13.42537986,23.960902
-7.821633208,-3.787004461
27.76679481,-11.30216023
27.94545697,-15.66927067
26.3412867,-12.93707776
11.86186086,24.49568494
27.74159906,-17.72049626
-7.877202027,-1.014579333
17.63484159,25.8071004
-4.133267048,-4.032309569
29.76595085,-10.0536064
-4.037364218,-0.332902024
16.36909177,24.88033995
14.07800198,21.79403606
25.36694434,-15.07591046
11.61844783,22.47247151
30.98630519,-10.18207238
13.394015,26.69530496
16.24332398,24.4576979
26.94412176,-14.68422099
30.89179135,-13.50060478
28.53536434,-11.96376517
-4.271592016,0.701210937
17.04592267,24.7432019
17.95859169,25.61982932
14.46426607,21.22927225
14.17098625,24.49090508
-4.143517374,-2.494223518
-9.475555113,0.617907258
16.62918691,19.60644587
-9.869292706,-2.816482011
-8.401294895,-3.175578949
12.79213055,24.29556476
27.01454362,-11.51741109
-2.931297544,2.886426339
-7.64976125,-3.218532457
26.91959283,-9.455049194
16.25438127,25.49638199
10.99328737,21.65173134
-7.520601752,1.998724435
15.18124262,26.47409925
20.00022814,24.91835864
14.48340076,27.30821584
13.89709519,22.94786355
13.22108335,24.84946062
-5.887113577,-1.970641953
16.44324611,21.06353445
25.15266344,-13.22993368
28.49501211,-12.42318861
16.52027356,18.06719638
31.88794196,-11.54602356
-2.724259298,2.041095153
26.69589256,-13.07772265
-2.512304995,1.403101655
-4.365669179,2.034071701
13.92410244,25.6315451
30.05418745,-13.54387693
30.65473887,-17.45683674
-8.123777221,-1.313982048
15.2831563,25.27967446
17.97899919,25.42381403
28.74122383,-15.66268281
15.85199835,26.71009506
14.72053871,24.92154063
25.85764503,-14.21709257
31.7468054,-12.21482485
-5.926649245,3.01237853
18.87722189,21.18672702
31.39033733,-14.73906253
26.93297478,-11.32274479
20.08613509,24.451948
14.38699754,26.74680585
30.37439116,-12.67360781
17.85938152,24.5871946
14.90483699,18.83572618
13.92307106,20.40745621
-4.463827978,-4.223027807
-5.843425702,-3.422701815
16.04686024,18.28587145
25.62174611,-17.56900726
30.41702908,-14.5775454
16.48728211,22.84024445
27.77823847,-14.28357539
16.81292702,24.8697528
-9.485626031,3.500819599
-4.840289167,2.570935737
-3.474878206,-0.130405559
29.37354509,-11.82978685
27.41726833,-11.97101607
17.85001801,23.4672937
31.84208163,-14.14587702
-3.564921569,-2.572557913
23.66536422,-10.99710648
24.63825915,-14.31802413
17.13230027,26.80340345
29.96129434,-13.01212878
-10.30247461,2.240017303
-7.448947983,0.91352782
20.0515325,23.64893556
19.74672507,20.7689158
16.40406028,22.50803881
-5.416599667,4.358244362
15.65688045,24.51421262
17.23184058,18.81226436
-2.37173527,1.848967976
-6.791485575,-4.244104831
-4.083392931,0.304850846
-8.261888837,2.029489176
18.07996419,26.78179358
-5.771086157,-4.526153108
32.25518891,-14.77676094
13.99598492,18.17500231
18.37606319,22.39781483
15.48294521,22.78775304
-6.273401887,3.421944184
-3.949226634,2.56946238
30.70697202,-11.15264006
28.17419674,-9.506358495
-6.436610218,-2.938830198
11.65892797,25.15285696
32.14587561,-12.6108419
-11.41423415,0.345422085
27.57368474,-10.43173789
24.14169728,-13.5092669
-9.460264114,-3.783416949
27.4271706,-10.06654136
27.89328486,-18.36187179
18.42888267,26.01728826
13.37592316,21.16312135
31.99000962,-13.27141426
-9.130292488,-3.960942176
-8.381494259,-4.581218368
12.67112065,22.76264419
13.39875132,25.50044468
25.76103006,-16.5759843
11.94169745,24.14866794
11.39156974,22.57175687
-9.28340347,1.742652786
16.95838457,19.12873266
28.9798436,-18.14141171
26.62323687,-14.52207544
20.42054218,21.11889528
-5.937128127,-1.853655808
19.72202743,21.09602827
14.96914656,23.30592257
13.46302754,19.57298403
11.35993562,21.49396551
32.56855045,-12.51842201
-4.968949065,-4.420169446
14.2996928,20.34999142
-5.641707268,1.687694069
-5.387112514,-4.125279381
-10.17090901,-2.273739783
16.22995873,27.13277755
-4.901640867,-3.144451492
31.77049349,-11.96603418
11.67320727,20.97556697
25.57412951,-14.13766551
-9.910765245,-3.42271765
18.24452988,20.83472292
12.97914454,18.94023351
-3.661517225,-2.698254293
26.87947933,-10.16955432
-4.700659098,1.472102263
-10.76254103,1.551043524
-6.623631831,3.3702413
15.319179,25.47200788
13.88486627,20.8939842
-7.855221279,1.557519632
15.8572695,17.69538017
-7.314301345,3.368343172
14.2720336,19.73347668
-4.681183957,-0.442638279
-3.805175187,1.708946831
16.91296382,23.39966005
-6.463545522,0.105080324
-7.421670682,1.968325113
26.82490028,-13.6616187
-5.864781448,-5.085153496
15.31440181,22.37229331
15.778899,19.25922178
-5.706683468,1.367097766
24.68484927,-17.02582759
13.0631095,23.89551607
20.07235249,23.80599866
18.17917803,24.55551432
28.35102459,-12.54710275
12.61885457,19.49653219
-6.281500597,1.245858325
-5.599832964,-3.581140794
15.84411114,20.55291867
-6.4346078,0.168054221
-5.222946951,3.087670742
-4.637118776,-0.360007836
-10.87975086,-1.029701439
-9.738958799,-2.891802108
28.74843563,-10.40753524
29.28589979,-16.61026325
-5.100895752,-3.230076484
19.31972335,19.60040505
-5.899362886,0.880156647
-10.11201552,-2.687439245
27.28900431,-15.13584293
26.59184074,-11.01996104
-6.860484376,2.278943849
23.25887381,-13.65477739
-3.079145812,-1.738824708
17.56571048,25.57191216
-9.178602665,-3.260644939
25.50202639,-9.202021427
-7.168929424,-3.290409426
25.93885935,-14.26441063
-9.856242719,0.394347021
-5.479982078,1.405335461
19.61290553,21.00920088
-5.33243552,-4.023840221
18.74262735,25.39520386
29.95421687,-16.15796182
-8.057631647,1.651815649
25.13287391,-11.73611804
17.17108746,25.24734101
-9.9707475,-2.287875415
31.61453989,-13.23934291
26.58745282,-14.4402591
23.43478108,-14.32721779
27.27541252,-12.40218938
24.12608068,-14.97191121
30.6034329,-10.17102463
19.35370626,20.10010468
29.14525703,-9.895771635
-2.467807295,-1.238094799
24.26662993,-14.15636611
15.47464366,22.41704315
16.35293491,27.21028962
29.57933034,-14.74144438
12.7354407,23.36853725
17.47183207,21.94456561
-7.136968686,-1.936319865
-5.333552379,1.614167714
32.25566288,-12.33383448
19.29646566,24.55159969
15.44226044,17.89391564
24.4194649,-16.50814666
11.53262062,21.814235
-8.011615601,0.785570646
16.93295285,23.2587122
27.24122922,-8.617815311
-7.687069378,4.424986191
30.5270521,-11.15150406
15.94715263,17.7843238
25.28386729,-16.35449048
-3.303851334,-2.553534429
-7.619114214,3.146339601
27.67409628,-12.63838418
-7.88588201,2.180308697
11.23847245,21.08991846
-5.544533859,0.01274849
26.86277725,-8.910048271
29.47835952,-9.449755219
12.158423,20.04099901
28.89509213,-12.46374445
-6.34190403,4.102383354
12.51037527,23.02990234
-7.199326996,1.140578247
-9.756681069,1.949752326
-4.157280019,-2.876666339
28.31590539,-14.23785166
28.70215463,-17.1301743
22.88041647,-13.52654639
-2.970259057,1.506522367
-10.153537,1.35613108
17.46654632,22.06459129
-5.670122636,3.440050691
16.73360827,22.47957308
-7.558335704,2.577653312
-7.381268269,-2.949552391
-7.723916921,-0.941649504
29.39304321,-13.18214707
30.17842701,-17.65822504
-8.279496397,1.676536587
-8.983067007,-2.572131036
30.75600803,-16.74509799
31.95601732,-13.60641456
31.6433397,-14.42701775
14.46528545,25.70061908
14.33110826,26.66303161
26.75007208,-13.83143707
26.00005212,-13.78928095
17.57831646,26.82883189
-6.655699909,-0.091919412
26.12886443,-12.2825221
19.0107518,20.69403359
25.783581,-15.33791131
-10.32433394,2.762362508
16.38307628,24.87836071
12.31605258,21.78255737
17.60619578,23.11969169
27.52309451,-16.01012342
29.77135464,-11.82724038
-5.081213831,-2.435262243
27.81413058,-8.612596154
-10.85884074,-0.064999199
-7.414580042,3.737103579
15.96290598,26.41784441
-10.73957927,-2.929541772
15.04461977,20.74153787
24.48838475,-14.31129218
-3.480158996,3.391067083
28.60352465,-12.23414511
15.68478623,23.97441522
20.37821125,23.23916319
20.55778717,23.48388588
-3.461927164,-2.058992412
25.99939021,-14.37906815
17.9941018,18.36408406
-10.65543367,-2.744927064
27.29716358,-14.10304751
-10.33407048,-2.071861993
-7.273789784,1.834694292
29.26143548,-13.72742982
25.13105885,-15.7218075
18.39758659,20.36101519
-10.64325832,-0.91109393
31.76410948,-11.60210352
-6.118043862,-0.497995195
15.060689,19.81270024
-3.049746928,2.195940403
26.23732205,-10.68361467
30.83726355,-9.614667367
-10.57373171,0.789277028
15.98936148,21.36696737
-2.463627526,-0.152415854
-10.88044796,-0.519739164
26.66380566,-15.79543627
28.69500163,-10.46699386
28.7297511,-11.86662188
27.23568096,-16.77506795
17.54303892,20.42421112
-9.837398996,-0.192955789
16.65862937,24.07119945
-4.677681211,-4.408350885
26.52789573,-16.04553894
18.01354727,21.19527735
18.60728427,21.61272404
26.35316804,-12.22858712
12.77858441,19.37429674
19.54930557,21.28021567
-7.129983793,3.593141481
28.38443383,-13.10497347
-5.00949296,0.274425715
-5.472120604,-0.92177037
26.87016174,-15.30792607
-4.439404227,1.215821476
16.23482643,23.62322221
16.08398971,20.80174504
24.34653477,-15.98346334
-10.22251085,-0.304009574
28.4726505,-9.408868633
15.67876214,20.00495846
-2.751304897,-0.779690304
19.38555725,24.05442375
-2.131590728,-0.272126681
-6.17157306,-2.989237731
31.26756236,-14.87985277
-7.55007247,3.471992375
29.75395992,-12.41104993
13.86328934,19.43508754
12.86634819,18.99840431
23.74277553,-12.59564039
-8.763643524,-2.657461608
-6.185813244,4.084527573
16.96013299,27.28975502
-7.01207651,-4.159157933
29.08449371,-13.1408776
-8.012574669,-1.954466531
17.17189016,19.14357115
15.13944255,26.94011685
16.15017787,19.18176337
25.874271,-11.2557562
-3.764329206,-0.275722148
28.36222529,-9.581136724
-3.524255975,2.204369398
-11.15328804,0.367856965
25.67673555,-13.5957695
-9.492984572,-1.202544669
30.68842024,-11.55384059
28.2417084,-16.43422021
25.31109598,-12.31089711
-5.169159969,-1.758655787
11.82716456,25.41009555
-9.979564346,-2.996329144
12.62982198,24.31537383
-5.669174038,-4.107019429
12.81260152,21.494483
-3.178776545,-3.744822784
16.9815789,23.67390366
-5.585586025,1.095948268
13.91994985,23.5964153
13.56773795,19.49220712
18.09033252,18.96992822
26.50674742,-12.88786298
-10.32526338,0.966398006
14.32061037,19.73867277
17.61044853,19.4646463
28.90450785,-15.70928632
-9.94258786,2.099630754
18.07841016,25.58216776
30.24197247,-14.80340747
17.85741995,19.36690397
-5.900447055,-2.299417395
19.40614697,19.71761717
-8.369732955,0.348073582
14.58295936,26.30298932
-6.949417959,-1.696564142
-11.00179604,-1.779891674
-6.466709951,-1.389066224
11.18498575,23.61219264
31.1049994,-15.47179298
14.11747539,25.91476235
24.92399601,-11.55218206
27.31203835,-14.6034402
16.33875516,24.34632157
-7.677582077,2.656406257
-2.494533121,-0.48980888
27.58272352,-18.28882613
19.22392818,21.08762484
14.18017818,25.80700798
29.23968568,-13.24033245
27.50662083,-12.06731352
26.16698221,-10.80524501
-5.582688265,2.551924585
-7.418448147,4.61960595
-5.600319565,3.40941366
25.44274565,-15.36978692
19.57961155,21.02376114
31.68961802,-12.93312957
10.98541479,24.0301259
26.78530288,-17.34816675
23.60797271,-14.3304299
15.85408701,26.92668283
16.52447687,24.78021309
-6.567814994,2.830718564
12.64749469,20.02347765
11.51497327,21.00526049
31.14548632,-10.56813581
14.32975937,19.47130085
14.91377894,22.93932684
18.40011108,19.81555006
27.38147788,-16.26341239
17.93502524,21.78825835
-5.535591773,-3.067947812
-6.519418965,-2.744067686
17.45710517,20.50244542
12.08204725,19.46230395
-4.98296834,1.684158267
15.11836191,20.99313583
-3.064681438,-0.367265884
-5.305887856,1.034788791
28.86713904,-11.72466062
-7.577112856,3.893783818
-11.49220216,0.178594845
-4.637909384,3.037659509
27.13980905,-14.54973253
15.88614008,19.73593594
-5.085864377,0.487322339
12.74385067,24.35505005
-10.52534273,1.221522835
25.25969703,-9.285666269
-10.27755023,-3.504540689
-3.768153585,-3.196703949
-7.171408542,-4.429029545
-6.806436961,-2.276035586
-5.54930573,4.292282334
26.07594426,-16.62021887
-3.235599961,1.2383976
15.46337006,17.87785385
23.89045674,-12.32485999
15.22801551,26.83170029
27.59631959,-18.1985849
30.93122431,-12.14205043
13.75847308,24.15623799
16.72216299,24.5789071
-4.985552216,-0.874334613
18.99649321,20.90570441
-10.23336243,-2.903024584
-8.584957433,-3.290683857
-4.536075273,0.953185085
14.74584834,23.24703232
14.67758594,20.20166099
11.64118165,21.40201752
25.95828257,-15.6120787
-8.948863988,-0.68513808
16.82186865,25.93069165
24.94915404,-13.96876667
-6.846142453,1.242474148
-9.373697252,1.764515027
32.06811397,-12.95900907
17.90918926,19.22504162
-10.86274208,2.193795384
-10.74505195,0.645033367
24.29059466,-11.83205018
-4.415237445,-4.375942679
16.28492335,23.91876874
-6.257234742,1.548500674
-8.854513888,1.884081407
-3.059140178,-2.907869247
11.64679708,24.19788903
32.41636264,-15.28094249
19.04644992,19.09089445
12.70333667,24.0568094
-8.645676511,0.433455658
-4.571468728,-4.003896385
10.99932311,23.25819728
-7.879263241,-2.857928719
15.05539214,23.77783213
28.48278143,-12.39608072
14.40258539,22.28035901
-10.7921153,-2.185056265
30.80427449,-10.60818355
-7.979897218,-4.110637176
18.31608243,22.18558569
-4.039517459,-2.20050663
11.62544297,25.12165188
-9.295672908,2.589069896
14.43095107,21.98169627
-10.48850873,0.750484227
27.65874415,-15.25851472
-2.26042055,1.953156694
15.11178471,21.9437063
14.16324334,26.61425454
26.91364847,-17.84679291
15.11608058,19.0445984
15.24806859,17.93681757
17.6018757,18.35620494
28.89926888,-15.86880366
19.46153471,19.42928205
17.56995845,18.36256477
13.20217108,21.50820898
15.84528336,18.96293533
19.2538294,21.06351832
17.35265102,18.17731806
16.79778773,27.10102708
31.93950903,-10.95671119
25.08894951,-12.69271197
27.08484707,-16.49771732
24.36426059,-12.43572269
28.76062721,-11.06130183
18.17890843,20.54211569
-9.975023803,0.206706833
12.87058558,19.13351844
-8.009278946,4.190315632
-7.554178153,3.330528389
-6.758390721,-2.773825598
25.47820577,-17.73902677
31.83392384,-12.025502
-9.238737467,3.817559098
-8.65792676,-1.135053621
30.23497795,-10.87527729
-11.47811244,0.15655183
11.3270198,23.30957793
-2.237758669,-0.94567707
14.03944098,19.01293205
17.49928625,22.6552733
26.41214881,-15.97659349
-5.957957434,-4.768248046
-6.069598167,1.675444388
-5.846237485,-2.065581103
31.09990695,-14.78491673
26.44710723,-11.56457548
-5.409454503,-4.185498623
-4.842428024,4.030797853
13.78878397,24.97564663
15.27339373,24.19216154
19.02890091,25.27616868
-8.255272333,-3.544643894
28.44030968,-16.09155162
14.6447411,19.48214136
30.34112328,-12.89894367
-7.645648503,4.482394344
-2.356511906,-2.20523404
14.83639306,25.30978123
17.53668341,22.57455737
-6.469370961,3.717440353
-4.35135637,2.176231323
24.29561889,-14.15268976
-4.254535114,-0.598496631
24.54068116,-15.30993639
-8.847515834,3.575018973
-5.379536911,-4.409319702
28.32199496,-18.12193364
28.42256774,-13.16333003
-5.624868713,0.039542537
25.38084477,-10.15472754
24.45329034,-16.54686054
-4.732212518,-0.478330656
-4.250613101,-3.150189983
-9.615568388,1.387000222
-4.977258441,3.858342961
31.44490003,-13.43865625
20.36927078,22.80882592
12.44916043,25.47550931
12.00928918,21.64765522
-2.942746942,-3.041008965
28.82265126,-13.83123403
28.93066201,-12.27151931
27.20456522,-12.7152129
32.3808532,-15.0464666
-4.719546748,-2.23430972
19.62349186,24.01938398
29.06011663,-17.0426129
16.61443856,19.5378053
17.85937779,22.87263701
29.95613765,-16.63186592
-5.614945594,0.744625895
-4.855031076,2.585553486
-9.746133956,2.699609846
30.80419548,-11.33883396
-2.813662899,2.801225134
-2.808895325,-3.305778288
12.84852891,26.06661582
-4.264745784,-1.096662107
16.35126493,18.3956436
14.27214796,20.67965859
26.23973104,-9.023432804
29.55766615,-14.86444209
11.72315582,21.8011319
20.06772913,23.91800633
30.83958887,-9.693039107
13.8874377,25.47283122
-6.490426995,2.075468625
17.06133055,22.51041528
18.35316872,19.91603118
-6.162077927,-2.914079457
-3.903232901,-3.880496015
-10.04379357,3.234801317
-2.699551419,1.604763497
30.53935271,-12.94959266
18.48125471,18.52777354
-8.089297812,-1.323788387
-3.896459132,-3.260805778
30.5112403,-16.66235292
31.66445429,-16.43521999
17.46363736,23.30856626
-4.922741178,3.655899091
11.41609866,20.83863057
15.55061277,20.92483468
16.68894639,20.56957343
-6.021124512,4.179179334
23.37291366,-11.46953597
-10.35447852,-0.579875557
20.30597125,22.2221345
27.35430181,-10.06646414
27.86418681,-13.92825917
18.7358132,22.86698795
26.7336009,-10.54731712
18.91448626,24.50660774
-4.012436422,1.263354995
13.76832671,18.70900318
25.34396801,-14.88026242
-6.702594367,4.46348354
11.91107035,20.49896288
23.52571968,-12.99002091
17.45517645,21.24037834
-8.676678216,-2.847573583
-3.743693999,-1.910692565
-8.059175847,-3.443242481
14.68117188,21.48142519
23.73173698,-13.81350054
30.66575948,-14.10304409
13.01419608,23.13012918
31.10179878,-15.35002791
17.87077753,21.45087838
14.87022191,18.79846853
18.0394886,20.2013433
-4.847728505,1.914115237
29.87903199,-15.06335671
25.61466446,-14.1108692
-7.455724439,-2.12167676
11.16318034,22.28890777
31.02211528,-10.64883022
-10.17702596,-1.33767707
-9.384158791,-3.874809911
16.43433395,21.13439221
16.5563811,24.33226715
20.37050386,21.94235575
-6.265094538,-1.732538099
-6.212173184,4.12713124
31.50724353,-11.08998376
-9.600398847,2.653241996
30.79072489,-14.32663863
31.32825208,-11.18834589
-9.537132853,-2.873519169
23.0891517,-13.25916099
26.10557906,-12.89452542
30.44959475,-11.50695399
26.62156362,-10.27082363
29.32539414,-10.11745446
-4.920533266,2.600195315
-3.563409207,3.630373706
16.68451967,24.23974345
-8.861766855,2.002604186
29.0075844,-12.62235004
28.39050354,-14.18136117
16.72410219,19.35972865
31.15544384,-14.42915246
25.79199363,-16.20110317
-10.16003338,2.352628174
-3.851345697,-3.302388133
20.16447032,21.86577791
13.48886437,20.24175253
29.2939933,-14.06508534
-5.745047503,-4.814702682
29.20502809,-13.67231584
-4.696855343,-0.707670442
-3.781950404,-3.952155215
-6.799050489,1.841221418
23.53728394,-11.11230344
14.42210747,25.13451555
12.1022299,24.06026582
16.5278091,18.47997517
24.98890561,-14.86355042
20.21245676,22.02045825
-7.940299632,1.333316967
16.54318976,19.83392506
13.32304234,24.89049303
23.42312005,-14.71871605
-5.554909007,3.85854533
27.36106497,-13.44037039
13.53339076,23.89562912
-9.769881771,-3.06353865
27.13533508,-16.33873364
-3.122659639,2.737088655
12.16964381,19.30979801
-9.443018329,-2.882139587
26.62470722,-10.38615562
13.60507142,20.84181263
14.33798131,19.48089117
31.54525228,-13.60527577
18.00545347,19.15381131
16.39413455,19.64327184
26.17978523,-8.779463961
28.50717823,-10.37642529
19.24952164,20.13373166
30.46686634,-11.93778825
19.39175968,23.83009951
-5.760767999,0.488126895
-4.729445675,-2.611374907
15.44824019,26.7204734
13.50085869,19.02227279
18.99388229,18.79307644
-2.64636817,-1.817919621
24.29559095,-10.62724205
31.99620915,-13.99651695
27.51630798,-16.28590483
31.55116579,-15.34789095
25.01062035,-9.707876204
-8.065428696,-4.829105041
-8.135996734,0.047229866
27.64760469,-14.44633291
29.65477729,-15.67007535
-8.308147683,-0.044314202
28.10516179,-12.49886007
13.68962219,26.27974243
12.61068349,23.25051131
16.15164972,22.95766455
17.89660715,21.41165252
-5.418064316,-4.907042175
27.41597005,-18.19720512
31.27648331,-12.34382609
32.24179637,-13.06686228
17.86382019,19.99550531
-4.65459208,3.170220873
26.84328096,-13.44161524
-10.01184364,2.536543767
19.19558912,23.39386888
15.53186842,27.33477663
-10.60768914,2.297199518
14.6704634,25.29506076
28.69321102,-11.05749923
25.07576768,-10.76393906
31.71335853,-11.70217229
18.3499369,22.52772218
-8.909037876,3.677276072
-2.234247469,-2.15576533
-4.877674206,3.10517092
-8.231456723,1.455349131
27.35743168,-10.08790418
11.46013955,24.27528456
14.48645029,23.55318054
-8.689338313,2.570166561
32.32848988,-14.57114148
32.51095226,-12.5237998
19.70771647,20.49716834
13.32716384,21.60522735
13.06942944,23.03386092
14.19023612,26.70788517
-9.712277475,1.676612916
-5.957880006,-0.550715415
-5.620972641,-3.54216996
15.93626981,25.39966175
25.81768943,-9.076877239
-6.427448748,2.562147663
-5.18081343,-3.948649868
-8.202156198,-4.467386078
13.28821792,19.90811821
23.76249984,-13.77258135
-2.928128499,-0.574970899
13.80572805,26.12145614
11.96501449,25.35611297
-5.083378423,2.889976094
-9.938403808,1.837525867
-3.941475013,-2.785433757
30.13985736,-16.72250682
11.64741547,21.10271515
13.99663408,26.65233628
-6.596378133,0.440776903
-6.537663697,-2.58988398
12.38017527,19.61073159
32.46895267,-12.94416637
-8.126262638,4.356844003
26.69791832,-9.386340861
23.02604353,-12.51586992
-8.27778947,1.483865063
16.02826489,21.59964109
-7.184326063,-3.763932416
-4.086230461,-0.953807901
12.28745692,22.81040873
-8.36772121,-1.854318077
15.17183773,21.43016209
-11.33305418,-1.720433509
30.07410142,-12.43467123
-5.003626876,0.380265931
-10.37479973,1.592416063
17.32795217,19.26999534
25.82008546,-14.85694246
18.84840696,22.82429522
-6.497931581,-1.627659567
23.58104111,-11.66359201
-5.960144148,4.50073769
24.83130969,-13.98711009
-8.430525944,2.75531714
-3.869595721,-3.780624967
-8.897138026,-2.855062659
11.78946339,19.70634578
29.14425233,-12.79065302
15.29535445,22.00068924
18.7928051,26.05825891
28.0296889,-11.89859395
12.10539585,25.7283709
-4.280152411,-1.890992886
30.76786616,-15.08271234
22.95645245,-13.1517442
13.52481548,23.39934598
-5.61211309,-1.922437136
-4.194621529,-0.905518372
24.33902786,-12.75084363
-4.4179233,-3.049184326
15.8443608,23.42372132
-6.165218375,3.444469808
-11.23261355,-1.87695228
17.46041882,23.09455494
17.02018321,24.49992141
17.65461745,22.19232055
31.76191789,-11.75775069
25.55002197,-11.74571298
-9.235966224,3.429320254
24.24213987,-15.12678184
23.93697633,-15.1181334
-10.78659343,2.41304837
28.63733894,-11.73063351
-9.802256081,0.349066984
-3.078062123,0.664299786
24.08281295,-16.16500263
17.9959006,21.01255335
-10.6882895,1.501663447
15.41072133,19.58223391
16.16991982,17.80726693
17.06891471,20.80706769
30.54246799,-14.04076626
-3.136132161,-2.258640143
30.97470851,-9.690370899
-7.593583721,3.192983128
22.86596354,-13.50869176
25.79468008,-14.06746899
24.35047474,-12.99540362
-7.207986333,-0.961259558
27.46861472,-14.94433056
-5.588522813,0.146335212
29.63717187,-15.731091
-11.33635352,0.727400225
15.04398384,19.15956444
-7.410461338,-2.13277503
13.12247436,19.99126632
26.28467871,-14.19313523
26.87137268,-11.54292755
16.41443319,25.62104236
-3.974804678,-2.648726099
30.05740548,-15.57856891
14.62741324,23.68052683
29.2839635,-13.86693834
18.1518052,19.35742962
27.86919596,-10.52268716
23.53619967,-13.86471076
28.35322278,-9.331262849
27.55498074,-15.31706413
30.0009114,-9.683010251
27.43292019,-17.73925616
-10.87607185,0.129715297
13.73438033,24.11907129
-9.554926416,-3.188119323
14.53441052,26.87223149
-8.177459909,-3.271657745
-1.908607459,1.149100684
25.27668811,-10.05113972
18.95702858,20.05558969
11.10549241,20.77491787
25.85933926,-13.91739928
-5.259562969,-3.000850345
12.92068468,19.95358289
-8.158837698,2.827712454
-9.194319516,3.570316538
26.22159794,-13.57574019
18.45666295,19.42776088
-10.42483824,-1.669976181
12.69478231,22.9119084
14.77397264,23.29512988
12.91615049,24.47195876
-4.970916682,-2.394485443
-4.906632959,0.123359118
15.67316897,26.22470008
16.74580535,24.75929694
-8.260895773,-1.185236706
25.27086538,-15.35758756
13.16098667,18.48614636
-8.132088693,-0.049602661
23.43831637,-15.17701986
30.39958433,-15.88510026
15.39594986,27.01911232
23.63624534,-16.02561262
-6.523019753,2.365786403
27.71776434,-9.109259185
17.99033227,22.44107426
-9.539966409,3.286914258
28.11285029,-17.14715804
24.51397377,-15.67980141
28.99939807,-10.57797867
24.02914804,-11.63463566
29.45545334,-14.80362969
14.69456199,26.68862141
18.11880854,23.67115444
-4.281814905,0.085922742
18.41865084,20.91492321
24.73720036,-16.42821801
19.40584441,22.620853
16.73950816,25.29492737
13.25284802,21.15676386
29.53008968,-9.434473027
-4.579828278,0.427981229
-5.183965411,-2.097908988
19.8268517,22.96194115
14.9975849,26.51075609
13.01648235,20.40553918
17.37952497,23.10174236
-8.311071986,-2.374006792
13.78815891,25.88341253
-5.053243673,-3.910292212
28.08871826,-13.2582154
16.95320876,26.98062235
12.5047166,19.80039682
17.70322175,20.31979285
-11.21858153,-0.724246909
24.84825215,-15.08729615
-9.738316901,1.575129356
30.13794205,-16.11762082
15.93366155,23.47227796
-6.963536204,4.478794131
30.58661112,-10.31505987
31.288004,-11.51601381
-7.740444782,-3.621519947
27.59708142,-11.17807095
31.90369668,-14.95019114
14.92629423,25.83997252
-7.578762181,-3.684817052
19.82001199,22.50806728
20.2337571,24.01892228
28.74369019,-11.74079295
19.67058466,24.86124031
30.87341944,-15.06003206
-4.197768735,-3.462073346
-7.334595167,0.151166355
-6.481020738,-0.111988261
17.89753819,25.39803168
28.67236121,-17.12114456
-10.15881219,0.080477792
29.28390818,-18.13995863
16.59312804,27.18042547
18.93730458,20.53288613
-8.985907705,-0.828489049
23.59984739,-12.49495516
31.56210131,-13.72263324
17.01687855,18.06727109
15.69305391,19.10539213
-8.245569467,3.805944024
25.59563326,-17.29125667
11.31592708,22.31540251
32.11265023,-11.27625679
16.61823889,22.14243477
-5.574556108,-3.754657354
-3.39095491,1.751859503
-5.708118566,-2.114745149
-7.072816626,-4.957166879
14.1826497,26.86964279
15.80415474,17.72470947
23.03943156,-12.33810171
-6.520058913,1.206442966
18.93142033,23.30630935
24.10140144,-11.27926933
-7.771733681,0.706259998
16.32115471,26.08548196
19.69531391,25.40368548
28.99471506,-10.85106979
-4.108557359,-2.720928705
-8.733322545,2.196766433
29.33212049,-12.29170845
-9.767117182,1.250534257
29.4529969,-9.567429451
29.51612077,-16.58450191
29.48660922,-14.91619862
-2.109825885,-0.013770551
27.30077559,-17.08659612
30.50171451,-14.0177227
12.43586513,20.45561186
29.85359899,-12.32571364
-7.785285161,-5.011745134
-2.835999326,0.675259811
-4.958082237,2.700007664
24.1299737,-15.77989228
29.05249261,-14.5542272
14.42081536,20.63776623
-7.62336367,-4.620174684
15.18840349,21.61643726
16.28341964,25.45332562
-4.633362956,3.433484467
25.5168046,-16.84164805
-6.952891867,0.65135259
11.90467554,22.36508368
-10.70541594,1.753635488
-6.146564354,2.505181185
20.21495972,20.74893033
-5.937056678,-4.873243911
25.00276404,-11.81408638
-4.086209716,0.251082171
-8.667814111,2.620536681
24.58862901,-9.964138696
31.76336737,-13.11677149
18.5979261,25.18696254
24.57157464,-16.24877901
30.2917085,-17.24940922
30.31864282,-14.37767065
29.43494479,-15.07980531
15.33299409,27.25123604
30.99230843,-15.56754673
-2.622910124,-0.727163091
27.92654755,-10.91263021
30.1207864,-13.88237854
-9.496026106,-2.132974565
16.21223974,26.94449707
-6.441398389,-4.20562711
14.6633659,20.42300774
-6.206528976,-5.020068227
30.10203706,-9.004536846
28.05211145,-11.57105582
14.14865878,26.30152195
15.55271712,21.70287663
30.08229577,-13.06711159
-10.54878686,-3.239302129
23.11232234,-13.77945011
-6.881949228,-0.607760779
24.99964297,-16.66834064
25.06428729,-14.57330607
15.93946237,26.94476683
-8.454534425,-4.438024563
19.65456917,23.67134537
11.68200784,22.51800608
-6.651296045,1.812890434
-6.7292626,-4.368225543
16.25288689,19.92648774
28.27137155,-10.81268972
-2.911272573,2.681969984
14.15085348,20.82147929
24.03912322,-10.87784728
12.84192465,21.75045017
25.05596343,-9.897497239
14.9293009,24.93360308
-3.397169251,-0.068877173
-5.406413527,0.670704347
-4.645115158,-0.121834369
25.29791708,-13.42319469
14.99436547,23.88009202
-4.788516104,-2.518932516
-4.036875522,-1.67849125
-6.574878898,-4.066043274
30.53333907,-16.660151
28.9874599,-17.7080768
28.24130075,-16.45272899
30.48883455,-16.08963697
-2.936534173,-0.318497057
-7.969475639,0.559770538
27.70592887,-13.87270412
-5.600538207,1.607611992
18.97723096,25.77072957
28.88187465,-10.83690213
31.65355709,-11.47772741
-3.063868773,0.32611923
-7.079757478,0.00692326
25.58573739,-9.235192242
28.26468493,-9.62179507
-5.055227959,1.610459593
-3.796700871,1.936020498
11.5707894,21.85173938
13.69410691,19.07969431
30.54910085,-11.80692161
15.69189918,23.34931466
20.60190992,22.17223108
-5.903168042,-1.348580764
-10.91521905,-2.429880307
-10.39783715,0.504077915
18.26084733,23.43319405
13.39205108,22.22291526
24.50826508,-14.75244325
15.28970006,22.52679852
16.74593663,21.21955051
16.34887069,25.4950492
28.41051692,-17.79898121
-7.044743537,-3.219773785
23.43237063,-14.64360099
-7.437171238,2.127216338
17.74239488,24.0871908
-5.317185267,0.462326405
31.36944808,-11.59024707
26.24960213,-15.21099494
18.1351217,21.52711154
19.68005216,20.40346535
12.89341366,19.1534856
30.43503512,-17.42802126
-5.992981438,-2.885857275
25.2702513,-17.24414856
30.34499925,-15.13127451
-8.699850881,-2.502494147
-2.51289709,-1.72017906
-7.920047859,-3.913070864
31.39223466,-14.49817014
27.35390104,-17.30007209
15.4736379,18.77899914
13.9263353,26.71182266
19.15237537,19.18650235
23.14749634,-13.31911189
11.86971274,21.89915001
-7.380305238,-3.478986102
23.52154668,-14.03966515
12.000814,25.52806605
24.69826835,-12.13905721
15.67173648,26.14140981
25.74675592,-11.67278096
18.92633461,19.93297903
-7.586502777,-4.7713992
16.11370471,27.30978734
27.78154546,-14.94291659
31.7685097,-13.26182751
26.22649383,-14.68745873
-10.28509966,0.169518147
-9.583996043,-3.095717065
26.18103839,-10.46162455
16.09335766,21.41338042
11.93637155,24.68592037
-8.877655935,0.953486921
16.18234623,25.73958481
-5.234144342,2.004123045
20.28200873,22.38560402
27.71017686,-17.31135886
17.63612858,23.69481892
28.1791295,-10.68198571
-5.40971523,2.832011755
-4.041487519,0.669053762
17.1651054,18.72174006
16.44931584,17.70574406
29.23332402,-14.28235107
18.67673281,21.51990942
18.46666997,18.70927226
13.68795876,25.40135579
28.16180598,-10.87416588
-10.80786834,-1.004045213
17.93121491,18.60369736
-6.598871347,4.099931503
-9.029479517,1.426103123
-10.61028473,-1.951459534
24.95194217,-12.80326343
12.46573069,24.59009548
-10.81536061,-2.717383717
28.46005674,-14.08243106
-4.826077599,-3.825874511
-5.499196898,3.672284785
25.07805713,-11.45520385
11.6635,22.44170492
-4.357684785,3.556126565
26.82212534,-12.35303563
-8.45552424,3.597741628
-5.957748841,-0.33060004
26.32148954,-8.669690199
25.54787868,-10.50929193
17.47002267,20.06792981
-9.507216718,-2.720728887
19.87347006,22.22382185
-9.660979807,1.501790874
-7.675964304,-4.273593204
11.90979554,21.46331175
17.10288646,18.95106294
29.69100597,-13.58791852
-8.274968909,0.127780767
25.9674153,-9.997001684
16.98473392,19.5158462
23.58498472,-14.61652875
-11.35552614,0.853299536
-9.211802112,-0.383769593
15.58121812,21.22133065
27.36566515,-9.242406242
12.83096779,19.52806864
23.80799259,-12.00159767
-10.73212753,1.131500304
13.94061211,23.98138695
14.80177838,26.86850423
26.22052624,-10.79799839
-8.901325175,-4.604476836
28.81977708,-13.09804142
10.77162485,22.03882686
18.35509052,21.2835619
31.23493072,-12.49458968
-4.142463801,0.859123094
29.87403778,-13.77469111
-8.714968001,-0.957692116
-2.600591451,-2.08136984
-2.520962039,-2.741867193
31.64003952,-11.74840816
30.67430897,-15.26224506
27.2028686,-9.191425746
-3.759259446,2.366660509
25.6551372,-10.05899379
15.93885163,21.425679
13.19639543,19.80584429
-4.809525099,1.715429278
-5.247715931,1.441020736
13.57366854,26.40689962
24.91556188,-10.54036389
26.70770219,-8.914505472
25.13763335,-12.03427787
11.2414374,23.67754037
-5.593921484,0.044120152
11.51438373,21.37232332
-6.455705678,-0.304025073
19.37687189,19.20361481
26.69998732,-17.47033995
18.39203428,18.34986101
13.52379188,20.37186382
18.48762248,25.26845469
-4.2985609,2.106153618
16.3911025,25.60962853
28.71008054,-16.73600303
-6.94763686,0.743986869
15.09820217,27.02370629
19.90923614,24.64370407
13.9645902,25.63141305
19.96438942,23.99328269
13.83575396,23.88706857
-5.321603668,1.690582294
-6.390677523,-1.649494249
29.74169603,-15.8673988
14.99827726,26.14613562
15.42644875,22.60724716
13.08198697,24.77359467
13.31458686,22.57585128
28.09389864,-15.70602674
26.06647557,-12.4991649
26.52687075,-14.02189168
28.52672374,-13.0924275
15.51231291,18.58664873
11.78626906,25.48627672
-7.150934708,1.287954558
26.92845774,-13.4238613
18.99296618,26.18587637
17.83435961,20.10545003
15.97725497,25.49489134
25.01598607,-16.11504348
25.13850614,-13.35271085
25.06701404,-10.37275386
14.35150001,21.25904936
24.50038625,-15.62903161
-6.215112648,2.618527546
23.40680967,-13.37730097
25.61474061,-16.299497
-7.108970085,4.058544994
27.64324731,-12.17840581
31.66128525,-16.29379661
28.38031726,-16.1243761
-7.036863401,0.403623586
12.90977669,26.46384962
-10.94287885,2.037703361
-4.52954015,1.463741563
-3.114616399,-1.46788439
30.34679263,-16.12922584
18.44259928,18.81877407
-7.027629953,-1.29795678
-7.059693117,-3.822449509
-7.446401165,-2.967371104
12.10487032,24.74546812
-6.138351733,-3.273590252
19.33521801,24.22126181
31.14090666,-10.17505053
24.43852108,-14.40125906
-9.585085296,2.583342456
20.19569882,23.6299945
27.31867946,-12.45422203
29.93043136,-14.43204116
29.37415903,-11.26951559
-3.687495605,1.280050542
-2.192855616,1.517901573
13.07307421,24.09940214
-6.982532339,2.953615629
27.7269902,-10.76047857
24.13547232,-12.46770196
30.60886165,-14.4341576
24.9463465,-14.34009349
24.89252626,-15.38663926
-5.859861764,4.088409926
-3.254848795,3.275188051
11.70473701,20.797187
19.03707313,18.95055476
13.81644167,18.19649906
24.24537933,-10.60254403
-3.300656362,3.218894707
-8.890676182,1.546463179
13.68424665,25.52962581
-8.016481435,0.033240209
25.50245917,-13.5346545
16.97539687,18.063761
11.73998255,21.51402949
26.98346604,-15.99088047
-5.588080634,0.260966765
32.35166522,-12.59370032
30.72203799,-10.75852933
14.16654261,26.28503015
30.07138316,-16.78055954
-4.131185257,-3.625038221
-4.318899028,-0.49086148
19.5315718,23.61160727
31.62989031,-13.15038994
24.80001213,-15.45336337
24.89166064,-10.70834194
20.04661461,22.23227727
24.41562969,-11.23404247
14.35755054,18.84528159
23.28933816,-15.29743382
18.09555485,22.05962536
-4.052696395,2.240850061
-3.598796834,-0.266403642
-4.230745096,-3.551278694
18.53887981,19.52075083
25.23109724,-14.72077724
28.99205017,-15.17177685
29.99203933,-16.77415091
-7.89210706,-4.853894001
25.59348386,-9.833986463
-2.424326378,-1.414203628
27.38432013,-16.07655335
17.92686833,21.09506156
-7.956153494,4.535445846
15.62061482,20.86745336
23.16675319,-11.90895112
-6.334483905,1.098211936
18.51474731,24.45082662
29.37016508,-11.53799183
16.92282283,27.12470359
-3.337613417,-2.687475651
-9.061277844,3.166917168
26.23549894,-10.92057155
-7.165850441,-2.760643027
-9.057123657,3.383143748
30.70874424,-15.3032553
-8.885644854,-4.378613507
13.15679541,24.73612135
18.96309272,22.78026636
24.89952189,-16.86708741
18.10980399,25.44438704
17.13812726,20.51003147
15.90666839,27.42567763
13.47179129,24.96290404
26.91291295,-11.22490656
-5.284235672,2.036819564
13.12352293,18.46530559
10.94323615,21.53606355
28.18092305,-16.72191893
10.9001198,22.49331035
12.13846196,20.93869493
12.88289738,22.18393927
28.78164954,-15.65091423
-5.409842854,2.512262976
-9.446627266,-3.60843381
13.42435712,23.17584131
24.16509169,-10.33600125
11.81648934,24.83294306
26.03511452,-13.39195459
17.33997295,24.10540075
-9.104989436,-2.793205172
30.71113231,-13.32080914
29.95577661,-14.85846937
-8.242501199,-0.258491547
14.22440445,24.19810492
-7.076723755,2.834372046
-8.231211142,-0.493583564
31.4295373,-14.91205264
-8.126113749,1.544154382
15.66203101,21.00896974
-4.628851003,-0.409926064
28.37050598,-9.830626446
12.00538625,22.78669901
15.90749262,24.48590121
18.0117751,19.99927381
26.72072856,-14.05744291
-5.779256239,-1.790230506
11.66441333,23.58275382
16.00979546,20.99935161
16.55072984,21.89474773
-9.154807069,-2.260986853
-8.793888563,2.986008251
25.05559532,-13.2812888
14.75229097,18.24584759
-9.838936211,-0.84074227
13.65936885,24.65436427
-9.8824572,-0.919688253
28.07058971,-10.9747076
-5.159511588,-3.005822611
-4.858630511,-4.786744601
17.32201945,20.1618114
17.06679426,17.97963098
15.10067285,26.60470776
15.23358914,22.07724685
30.0259598,-9.677404055
-3.284328447,2.077690569
11.07324909,23.77683399
-9.466246097,1.922106137
27.05915789,-17.62219871
12.63808897,20.78013877
19.22601872,22.05960006
-5.702004078,-3.713453072
30.71044746,-10.00196982
-8.97435314,-1.513852135
17.84418704,23.4111839
18.72202756,25.78531962
11.35603859,24.29625218
27.7295192,-9.341374824
25.83068617,-9.226758844
25.05534978,-13.04973107
11.17205823,23.08039932
-5.978471382,-4.891095048
31.75926218,-15.03769707
-3.852954521,-0.189520831
-10.19222786,1.732116688
11.92806491,20.29849048
-3.428610918,-0.149385937
26.00458684,-13.44606131
-5.750545385,1.278424126
-3.146475452,1.343645317
-1.72888689,-0.461557709
28.66831616,-14.80019415
24.6073804,-12.6052351
13.89842537,18.656848
-3.484725187,3.37914074
13.97344512,22.57396416
32.14122783,-15.35430629
-8.588958557,-0.248463923
11.24454133,20.49129667
26.9654871,-17.98224311
-7.419676014,-3.54796093
30.20649147,-9.620491275
24.20775507,-15.97166383
31.41697289,-11.82920585
28.07567103,-13.90856978
-10.37817471,1.975057662
-7.769434167,0.890606007
25.59207555,-16.41340234
28.34377908,-16.80519638
18.68877357,18.69172439
14.92114339,23.96467404
17.83030176,22.36465425
30.6493408,-11.48529438
27.88808225,-15.25406668
-8.353139122,2.355097517
26.36953462,-14.16508271
11.78089621,24.77708731
11.81005344,21.63620248
12.02166802,24.09720759
17.66753514,22.03799161
11.35236589,23.87141868
14.47196382,24.82744845
31.99711153,-12.20095296
11.88489127,25.55364239
-5.963447462,2.946127689
16.85148577,23.70656492
13.44001813,26.44351274
30.91882635,-13.89737079
30.59811913,-12.37734174
-4.504712927,0.642854818
-5.377392414,2.275547115
27.38573954,-15.33304709
-4.040306842,-0.249827076
-10.89977276,1.169559876
15.85991628,20.10296582
-5.91248684,-4.346538357
18.6217109,26.26576826
16.43576533,20.07336071
14.3452138,20.465706
-2.899321205,-3.178581283
23.93278031,-12.95824509
30.1450356,-15.2255666
30.95553196,-15.04777897
15.59908917,21.61409278
25.28235843,-10.64756559
12.38338625,23.87457385
16.7282589,26.14643508
-8.189488192,3.490096309
20.38293932,21.48021851
27.06145283,-9.981650786
16.82901389,26.09119179
20.0338438,20.66254963
30.52202053,-13.56988795
18.06685983,20.49034492
-6.959700712,-5.001844707
27.63170545,-17.08642729
31.40345642,-11.14946702
18.82878835,23.716896
12.34014669,20.47866588
18.21861682,19.07425938
14.80056694,26.33239841
-8.046656501,1.40368741
-6.159114373,2.205896731
26.7843884,-16.17035186
19.66423081,24.97863287
-7.501277169,-0.876109235
24.62894994,-14.46339959
-10.19040842,0.375107835
25.54050407,-17.09412404
31.40235738,-11.59667355
24.37176522,-9.960597428
29.1561452,-15.67635386
-3.46347995,2.868098899
25.69493518,-15.16509667
16.32243196,26.00202897
-1.938098904,0.957222133
16.63293326,21.44882936
11.02765767,22.7019042
27.48597248,-15.62970965
-9.225753974,4.01373547
-6.641309152,-4.546995251
18.29872117,19.78770368
29.52615042,-10.45909772
-5.4832169,-3.112162157
29.84614518,-10.7878382
27.38838389,-15.2020833
14.29882899,20.26382457
-8.597471845,1.665144841
26.26509609,-15.13785535
32.61604779,-13.76117499
24.50418013,-15.58620695
25.60884522,-14.80352233
24.17258215,-10.71100063
30.00546986,-12.53563569
30.53494544,-9.607719727
-3.203654854,-1.111482346
-3.275012707,0.000925526
-5.078312966,3.279792439
28.78510768,-13.19610576
-5.115642942,-2.149589633
-11.60646166,-0.501295399
-10.32384045,2.597628787
-5.463026625,-0.083790923
30.19796277,-10.33305337
23.60765195,-11.07843099
-10.4987456,0.33238541
27.81832751,-18.03995504
-5.17095211,-1.792295289
-9.70353018,1.159986363
30.0391754,-11.18286634
15.80024524,17.57019543
23.72602106,-13.28973824
18.27886142,18.32632251
-11.01088074,-0.953985088
-8.518135375,-0.706286061
27.83714489,-14.50671098
16.69825413,20.62909691
19.28705026,25.01616065
-9.608802651,1.889988212
-8.388540428,-0.847595026
28.17008831,-13.59203367
31.66991257,-12.88709979
-4.660491937,2.591674239
23.90800394,-15.59922864
-4.917081969,-4.861118922
-2.605797034,-2.823998734
-9.323967142,-2.497819351
-7.841999218,1.532598093
16.14871822,19.6875006
30.36769808,-11.71085635
12.132754,21.52456426
-7.37231543,1.878109299
24.1751256,-13.40266059
12.43529635,20.34988746
15.28943532,26.2899683
24.47837795,-11.40315164
29.09036423,-15.7187199
24.49839914,-10.65052343
23.1054451,-12.04582862
-7.136707839,2.300795152
28.69691412,-10.14385601
-7.061188058,-2.429911403
31.78729423,-14.63841196
26.55502096,-16.72095895
-6.981218912,-4.695957625
17.84617642,25.66316015
29.32708509,-14.92223776
25.96863296,-15.67910874
19.17305503,25.36869207
23.17375309,-12.91997003
-6.902196719,-3.568282848
31.47610188,-16.21710315
-6.916429155,3.065964576
27.78570836,-9.493866534
24.85299606,-17.00629057
18.91832061,24.29806196
-6.627576619,-4.801125014
29.56284708,-14.4970027
16.02919783,25.92071353
-10.76673191,1.932211922
-2.715446301,-2.041885419
-7.323584428,-1.134232733
29.88846297,-17.34158729
-8.634506781,3.216767381
26.7177929,-9.403959814
25.25482405,-9.565714165
27.82180778,-14.17527338
-1.94767132,0.251187154
27.94373631,-16.76282145
32.14777635,-14.11622363
18.99648395,21.54859171
25.25208337,-17.56705837
18.05687159,24.94975083
28.0136366,-9.93044221
-9.327267855,0.025949065
19.13486678,20.00893635
15.28016636,19.19367247
26.25566047,-16.53037789
18.58347235,23.43008795
31.09169945,-15.82293932
20.13174074,22.11102734
-4.829156427,-4.496423641
-9.72015155,1.101752383
30.38430686,-11.78200458
30.15109083,-17.25378655
-10.69278605,-2.481890089
27.66778128,-17.93449847
18.08821638,19.84800529
31.96214747,-11.50206993
18.85379331,25.46165915
29.41637416,-12.31234267
31.65319512,-12.89447089
-6.089801195,-0.571185868
23.16128315,-14.54805004
23.74563805,-15.95963225
-5.610001317,-0.444157709
25.11448622,-16.7348545
19.62303695,20.92852527
12.81810118,25.81106437
18.77082653,24.63055753
-11.43690792,-1.436384694
26.90130317,-9.91283644
-8.926277045,-3.485207171
-7.537033704,4.616268862
-5.3246749,4.445012681
26.53324674,-12.93680217
18.95050387,22.86845214
-3.599508234,-2.816376171
25.0322993,-12.30410159
11.79455783,21.93372111
11.6797707,23.45030643
15.12487707,18.392719
-8.461336971,3.184718768
23.54394618,-14.08571808
-6.380879713,2.578553703
12.13532142,21.6816096
-8.586637445,2.667627644
11.26600109,21.10223444
11.87972238,20.41199734
16.36994416,21.09310074
-6.102722335,-1.891443386
-10.23729614,-2.295527369
16.5245078,23.15649891
-2.422827134,0.222640773
-8.008011561,-0.102264036
27.08829564,-14.89332178
-4.039123828,-3.455925393
15.1768436,18.70803325
19.31928182,19.99045497
-9.802302098,-3.83094282
26.08051609,-17.9015055
-2.635514157,0.968877457
18.4918176,25.21190893
25.82347345,-14.71275002
16.49021265,20.37303253
31.5305858,-12.14115337
-7.494652412,-2.850307398
-3.170907811,3.230672128
24.78430515,-17.32197275
-10.74471063,-1.92942913
-3.176965533,3.26336519
-2.116839079,0.060559635
23.37091348,-15.22703915
15.68227942,25.93722092
17.85889897,25.11087622
-3.147847657,0.807395017
-4.824186277,1.373131022
26.32024475,-11.17205222
-8.195629251,-3.096626344
18.44056184,23.62297603
31.0888942,-16.97766723
29.09534791,-15.05119428
15.90179117,27.05587528
31.61937433,-13.03953698
13.8263619,22.06489531
11.36484784,20.33250969
29.76283989,-12.0401949
-8.700195817,0.409054896
-6.71883763,2.68038063
13.6017189,24.35669633
29.20813422,-12.57443448
17.32137826,20.86875613
11.19067119,21.7072515
17.61205648,26.35665424
-7.00666686,-2.351778233
26.48648276,-11.91218194
18.28340494,20.50329657
-6.933725635,-2.467562745
28.76534859,-9.195841018
27.68673727,-17.54442031
16.58633861,22.16958244
12.41204316,24.60311681
14.32507843,21.68550923
17.76808367,23.46705934
25.07753965,-10.44102893
-6.07008214,0.53718826
30.27940187,-13.36883178
-8.578545376,-1.307818172
29.2200994,-10.24057169
-10.84271423,-1.313704303
12.94318455,19.73546128
-5.581687278,-4.519038067
23.95779161,-13.99501932
29.6706862,-16.71873655
-3.354936246,-3.829197164
12.35070258,24.17006585
-5.842539391,4.272812606
-9.1277876,-4.151756269
32.23414921,-13.10140368
-10.31082713,1.32867441
25.67549225,-15.68886383
-5.903441583,2.341980689
27.70976333,-12.71298682
28.24140984,-17.13862925
17.24369166,20.41953736
15.30493122,25.44531141
12.61287738,23.53335544
15.3974172,21.07701517
27.45141012,-15.36063969
14.53137215,19.87596639
30.87838065,-11.0183032
29.86464349,-14.3784676
-6.509947529,-2.948913927
-9.13804858,-3.640233439
17.08104781,22.7396946
-5.312767845,-3.034033304
-5.009652798,3.047486142
-5.347047438,-4.06617926
-10.00588351,-3.693126942
30.58175671,-10.45908633
-3.999982285,-2.471544281
29.3262274,-10.36616213
25.04606316,-10.68119305
-7.942006393,-3.788074171
-9.951750069,-1.5511408
13.51715015,24.66552711
-5.572597426,-4.71197861
-5.643772411,-4.793732475
14.01040232,20.99880558
-8.624178995,0.142804859
15.93834421,22.17805647
-4.593375483,1.936047275
-8.067866204,3.702571667
28.90186571,-15.67257407
12.90658067,24.20709799
25.34310966,-16.68860723
28.10355309,-17.47627657
15.50932873,25.26694221
15.05504674,24.41969799
-2.680907647,1.79111798
23.72658534,-14.50971865
27.57131437,-15.97583201
-6.054104337,-4.981566331
14.68754855,26.14792788
30.25741568,-14.76903213
30.30626734,-16.01650808
16.94612739,21.3016557
-3.007499801,-0.416998559
30.55119898,-15.06038032
13.09735509,19.16800301
-8.214461056,4.276174697
-3.164273171,0.636840131
27.26061153,-13.35244587
14.51014064,25.20865998
17.14740059,21.77220201
18.62184622,23.62346401
-7.377079707,-4.249759183
11.77991758,20.06789457
-3.283147079,-2.370891809
-10.13398506,-2.470465405
-9.705302816,-2.25221342
32.32268241,-13.12252214
30.15820642,-15.13210184
28.06988775,-10.56457115
-5.009765077,-4.129535047
-10.05087039,2.146302628
18.14609326,19.60471774
29.31081915,-10.05896241
18.33961618,23.80940741
18.60823595,24.89663266
-5.786952494,-0.520022771
26.77470637,-10.84445056
15.13988305,21.25281999
29.259964,-10.00926995
-6.604952848,-0.641205936
-9.41453966,3.704696912
18.25651173,21.18406426
25.26238662,-12.42491879
-4.829972646,-2.647040582
26.27852584,-14.42571668
-1.898964419,-0.097715599
18.53870435,21.12034571
31.26705652,-13.64324379
-2.073633085,0.629155964
26.21091502,-16.95082422
17.20487937,22.27093058
19.19282351,22.62513488
25.0177234,-13.63756295
-2.692792629,-2.042889834
25.43228158,-12.52648751
23.75134504,-10.73253591
26.36944966,-17.65493746
29.50267056,-13.24466582
-5.03166572,-1.039961659
30.40435377,-15.08069195
16.44841379,18.83668911
17.62639947,18.74802621
-2.699778015,2.078156013
17.03510005,18.08392319
-7.006546422,4.250242944
15.44732656,24.89375891
14.08924014,22.64973983
24.0336292,-11.61227367
-2.863421529,1.311245313
-11.03651611,-0.439787893
14.65490584,25.2570547
-9.683139404,-3.651964027
20.21386229,22.14430867
27.82003066,-13.34146234
25.20248569,-10.29388842
-2.250311383,1.359579165
-9.512241836,-3.041946168
28.60714636,-11.41252551
-6.249219405,-2.568937909
-9.393259592,0.459189835
-5.210433133,-4.509974874
-9.637387784,1.375741102
29.24760731,-17.15540757
19.15045282,23.47858736
12.5471078,20.9687498
-2.578744799,0.067966547
16.62722001,22.43352605
-7.717120119,-0.45377525
-6.733065154,-1.258851302
31.61546111,-13.80358102
-3.602925001,-1.787272257
14.87761776,27.2369613
-1.80801501,-0.902011233
-8.455874162,-3.352792676
30.38990151,-9.181339599
-7.900618547,0.00783144
-4.635219302,0.518886561
14.21526469,19.55686248
29.10609867,-16.84062425
10.75352466,22.92870837
28.85949031,-13.41382592
13.90629382,24.94417233
15.95661481,25.52648551
16.01793351,24.34072088
29.79745051,-13.75370453
-7.755867911,-4.25119084
-6.415982054,1.071865281
-8.054196615,-1.089566764
-10.79127376,0.186054188
27.61620996,-9.851538738
-7.398823009,-4.289851886
18.30868588,20.23687477
23.67261313,-12.69369376
-3.194917546,-2.588479493
30.71928752,-15.56393509
14.06283085,23.49859463
28.82506663,-8.862837173
14.87057013,23.51576236
11.95497655,19.25667033
19.81246242,19.89727747
25.43767205,-12.31152325
-5.964713816,-1.521554256
-4.984244523,3.443749658
24.20999979,-15.51127202
14.13743818,25.76810826
-9.593100563,0.03860963
17.94355918,21.01376789
-8.95159046,1.923878839
27.91763073,-13.9012891
-7.214278385,3.481270241
20.11826497,24.44166725
27.12549074,-14.8919045
17.70478456,25.31059718
-7.34435272,-0.520321054
30.27537917,-12.10704234
13.80113818,26.86006394
20.40652673,23.87641986
-6.93156253,-1.438742994
-2.68104224,-1.658566962
18.53248136,20.92304552
-2.943934088,2.878834769
-9.439235552,0.39488721
19.05379248,21.12862349
14.65340176,26.80153131
25.56428842,-12.5849325
28.99002069,-13.01615416
29.44226238,-14.59556789
-3.383476133,-2.819702833
31.62346563,-14.0083377
13.50689486,25.06736255
14.824957,20.01312416
20.21879288,21.50230999
16.93832982,26.72244193
-6.39821277,-0.354002221
30.25827459,-16.94076805
25.42490759,-15.01694827
28.81102433,-16.94057659
-8.5806189,3.430255612
29.64772656,-9.88155835
11.76982128,20.69145311
-4.635953422,-4.01564309
-6.376629565,-0.517464554
24.19121672,-11.32391252
11.85691825,23.75425553
-7.338607148,0.605890851
25.31918235,-13.94259561
-5.091866623,-2.187619472
29.43945938,-17.75910706
31.44167327,-15.83629046
-3.099139847,-3.431620176
-2.731277607,-1.885304937
30.35466836,-9.281780719
16.31421208,22.33293676
14.80864136,18.2724263
16.59178523,19.88526407
30.88546916,-15.91533504
-4.934811809,4.427701666
31.12441183,-14.9835782
-7.90533681,-1.157021655
-5.735356608,-2.727361653
-8.803554242,3.262260095
29.84967077,-15.43614219
-5.552712359,-2.384250651
-6.512904483,-2.327062972
15.57867333,17.74297402
27.35998895,-17.71289993
-4.893193463,-4.357323568
17.32763941,25.93196641
31.03280614,-14.76970476
12.85096387,25.02713965
26.03321097,-9.945302517
17.82528988,25.80387601
14.51999268,22.38445408
19.43017421,25.20416002
13.46014872,23.59737271
11.61112403,20.30513311
17.5022273,21.38356689
11.84166253,19.41968376
-3.656930702,-2.279739906
27.60521913,-14.52398997
-3.778602326,2.220533248
31.80068567,-11.2500364
17.52323697,19.57324755
13.56441113,25.58793493
15.06184961,18.52845757
17.19593427,22.16632383
14.57720289,18.32581306
16.48976402,23.75032199
14.6521303,18.90483794
12.62708321,22.19813593
-7.21439105,3.724657284
-3.890423478,-1.79455524
-8.740122581,-0.060049848
30.29023135,-9.252519313
25.10846137,-10.02873173
17.17794801,23.75220411
-6.367768749,2.155072473
28.29638897,-10.07680881
-4.347339885,3.680511606
-6.066509133,-4.513515649
-10.05901737,2.974794118
24.54862492,-11.54906219
28.43744443,-11.22655361
19.90837117,20.97815107
17.08016347,20.4362782
24.47365302,-14.73433177
-10.25258403,-0.969270574
23.49647896,-12.54539853
30.19929215,-10.39476758
14.27449707,22.82149557
-4.488273696,-1.112092332
-7.015674615,-0.648731363
26.58676924,-17.20996868
29.35349001,-15.16145993
-1.951554057,-0.223792389
13.61186214,22.58430899
17.79712977,23.72405636
-9.008281736,-2.00525469
28.40541263,-14.09259087
23.8025991,-12.71058148
27.62230251,-10.64294297
19.5431322,19.85078193
-10.33268284,0.594496505
26.90885412,-16.18495586
16.13727894,18.07703776
27.07308319,-16.46083074
-4.12981621,3.227202055
25.86569898,-11.88065152
-10.8259096,-1.318021413
25.03158864,-15.60044154
16.06192796,25.51715207
13.10516862,24.58946033
-9.690785217,-0.349878595
19.36412659,23.69048069
24.64733375,-15.61134365
-5.383533197,3.653519347
31.67779714,-11.61913772
15.01973331,18.83528745
12.83683658,22.91374296
19.99083022,23.29524029
12.26854005,20.35696325
-10.85951523,0.399321677
-2.729727518,2.166934608
14.96127378,18.05937245
-3.824983555,0.38530978
14.55407418,20.93003792
24.43348547,-14.1742878
28.96858847,-18.02193259
16.90261399,23.31461474
-8.045971834,0.33231517
11.13726153,24.46525909
-5.910436391,-1.308461534
-3.293158239,1.904674835
24.43775017,-10.90803155
14.23772485,24.25572129
29.21854479,-8.994135648
-7.417780559,1.397091381
14.56976621,19.85968939
-4.145148663,-4.325965383
28.47883346,-11.00016831
15.47603671,26.43147951
30.61308589,-14.03438218
-10.69857454,-1.657887614
26.69290666,-13.19002222
30.18102861,-14.10923366
26.93426267,-11.48324157
26.84972883,-13.02156343
-6.700502368,3.699374217
-8.360754199,2.172655755
23.03052079,-12.4978053
-5.08484334,-3.185400021
-7.501017905,4.058037466
18.52758611,21.14091523
18.15145653,25.26369638
18.56539659,26.59185323
-6.874692185,3.154784613
27.20036876,-11.8478524
16.90864737,23.25858153
17.78951294,23.96751297
17.77351737,24.20195249
-2.802971688,-2.256640835
25.09534835,-15.18398598
28.85438121,-17.32085365
-6.967676212,-3.6610497
-7.096568638,-3.035728662
26.72846331,-18.17533059
-4.441277813,3.531993753
-6.724587204,-2.953383711
15.12191664,26.9343198
12.41279988,25.57728066
-3.47518131,0.473488476
-6.472355295,-2.025825456
-2.618225286,-2.780659763
23.98231448,-12.87371821
30.58219239,-17.3954025
12.71382562,26.46862069
-7.20216012,-0.920679906
17.40167004,25.9999038
19.66589096,22.88506196
14.84446719,20.34649784
-7.298711395,0.625395519
-10.5391038,-0.209886818
12.86360488,19.84791024
14.31966519,21.88954747
24.10399641,-14.70441662
29.14785951,-10.97694608
17.12290437,20.0322457
11.40456771,21.33533551
31.92490526,-10.78744053
-4.620844347,3.199529137
-9.820068521,1.560024636
-6.535067428,0.863859709
30.68383598,-11.708357
-2.929477154,-3.326476266
15.94135066,25.89652384
-6.300843594,2.272896277
19.08287389,22.4782282
24.54489309,-13.16485173
14.22735949,25.9537253
28.62521451,-15.85928375
31.52999653,-12.06616391
-9.088349364,3.258219234
-8.487194229,0.294319506
-6.240784138,0.245128561
-2.946982391,2.401657774
17.66625759,18.25679759
-6.165546201,-2.688613923
17.16693071,24.34306578
17.52571964,21.70436757
17.38892527,19.96559747
14.32951288,23.49912637
15.19080932,23.70760437
26.09154832,-13.13573359
30.78637407,-16.76234148
-5.390888087,-1.329759706
-5.953192049,-3.002287844
-4.576032646,-2.624008603
17.57404265,22.15929287
15.72907191,25.58489485
13.08039869,22.35181723
-8.230180621,-1.579790553
-10.36159065,-3.133910642
26.09790065,-12.9043546
-3.488540328,-2.957365022
29.59997675,-9.025239286
12.00769939,24.93685558
17.50867106,19.40174264
-4.031016682,0.979600641
19.58006287,19.55615802
-9.884956588,0.301279929
24.88897149,-9.647353905
18.84684821,20.79256993
27.07860129,-12.84051428
32.17053682,-12.31554989
19.37335156,24.95635464
31.08636104,-16.28830999
17.33781285,22.90733509
24.65648376,-14.45910832
17.29602816,20.16615738
-4.40101265,1.518458583
-5.13115938,-3.207643272
18.21332625,21.76310437
15.13439098,17.82872646
-9.509201919,-3.202333374
23.10320363,-13.11225469
-3.80941171,-3.82375027
-7.109959606,-2.697277289
29.78575343,-10.38032719
-3.107922916,-2.808308458
19.99049383,23.17967089
-5.877159791,0.561011741
15.89314475,22.63083641
-10.963062,-1.48901099
-5.16902752,2.547286509
-4.190263373,-2.766187359
-6.170554031,-4.168662785
26.319099,-14.28678404
28.35785966,-9.107482251
10.8704137,22.03208274
-10.79036654,-0.278863232
28.7510668,-11.80372712
25.72147533,-16.10761052
14.56138474,21.39325598
26.51227117,-13.26038155
27.78244379,-8.884227918
-6.153342333,-4.496935304
15.46541364,19.72596622
-6.360003843,-0.637993529
30.32364353,-13.61633043
30.95945521,-11.82680012
24.65001318,-15.9927684
18.63533117,21.28737714
-3.815105628,-2.630094416
16.70266636,26.12550804
-11.14413175,-1.721692463
26.86419976,-9.965774728
26.12539925,-11.68144078
-10.98609553,1.172991327
-5.131050286,3.089073405
32.40470061,-14.61971486
11.50282677,24.92934401
-7.188676965,-2.292063709
12.06482797,19.95969483
-3.7123323,2.729127912
23.29091438,-13.73100597
13.46389022,23.84039996
31.9188692,-15.08079646
24.87574873,-13.06625884
15.80128691,27.05616592
26.07474062,-13.9353354
18.49955181,26.16480692
25.84191989,-9.338895316
16.15295925,26.077193
-10.1108022,-3.785720113
27.32848122,-14.83713872
15.58392934,19.8208642
23.83653448,-14.82793819
-9.741062581,-1.458786732
16.14410428,22.94204878
16.41775004,24.11076393
30.28305979,-11.56423214
17.23327108,22.23452464
27.01962905,-15.81861521
24.08683886,-13.09955123
-8.731142932,2.927991665
16.60267907,19.62801209
-9.472761913,-0.276527727
26.10923414,-9.020414418
22.85549386,-13.43104003
26.59592868,-9.657903597
30.16201297,-14.0611064
16.01230079,25.23615071
17.34552701,19.29076864
30.29422763,-13.19988543
15.19619329,24.94273407
30.71654093,-15.59441543
19.76582469,21.15988017
26.81744428,-14.22796912
-9.827995059,-0.676132225
-3.636422707,1.799816413
29.57416766,-8.81540426
15.2680483,22.29026819
31.75651139,-14.59166542
-2.447195209,-1.401573131
-11.30504752,1.204571004
23.56272153,-11.47590812
13.69232311,24.66088336
28.52826763,-8.565799127
19.27735225,22.303008
-10.48390554,-2.093011505
-9.514310265,1.798098568
25.2345486,-16.4553941
-10.99700549,0.691545373
29.14860349,-9.135508164
-2.496635331,-2.956117746
-1.994933936,1.007229514
31.73586232,-12.59977885
12.90987704,25.62853852
28.6133778,-16.47739474
25.39423096,-10.26431759
19.59919533,23.88728835
18.93693437,21.95108573
-3.891217382,2.62034249
17.45910062,26.81285607
-5.803024823,0.391465971
-1.904163321,-0.88286839
-4.762294781,0.243622701
29.56142929,-14.92113194
18.33977324,22.75355308
24.30678752,-9.968804075
28.96809304,-18.17564738
15.62212226,23.98099283
-5.356990803,-4.245287931
-4.706283216,0.531667984
-9.044846192,-2.468635932
27.98230691,-17.69780077
14.23478495,23.02611679
-3.446051812,1.956248245
-5.726825264,-1.429221381
28.46941323,-12.82294489
29.83770421,-13.03013653
26.05330183,-15.73461604
18.63628365,25.38909663
27.90856854,-13.53431469
30.24130526,-14.81012914
-4.386464251,2.077232396
30.7876933,-15.72319645
-10.48880082,2.63308991
15.81607253,19.19691824
16.01510094,22.10504609
11.13278917,22.53908047
24.11224946,-15.10483339
31.67923531,-11.65622931
19.57462961,24.29002341
-7.417364049,-1.967967369
-2.049819702,-0.805742635
30.33645294,-13.19013453
31.69828345,-13.38807535
15.10132894,19.16090398
-3.786998211,0.000603215
-6.463045558,-0.594189099
28.76181215,-16.14097432
-5.677442979,2.494134179
-6.580339734,-1.446354986
-5.423774059,4.169613372
13.13743387,25.82545136
23.80421982,-13.8183728
12.46301326,23.84931704
19.92650822,20.57175646
-3.323770934,2.612121695
-7.764180801,-1.698283619
30.99388465,-15.98003778
12.56206207,25.68017507
18.30924528,19.15631045
29.80155976,-12.21147259
24.96696424,-14.76634926
-6.642829073,1.321738721
14.32864119,21.68516038
17.0498911,21.49771763
-9.96382916,2.185816632
19.91518055,24.94340059
-7.274287771,2.283779893
-9.965059433,-2.847344889
-8.635985683,-0.907484593
-7.850017603,-4.598218147
-3.209803696,-0.214990718
12.87975374,23.58185836
29.98044686,-13.88064023
19.09755938,23.27427247
15.14165216,25.87669509
30.01368731,-14.53766552
-9.858234767,-1.708296899
17.67645802,25.40047075
-6.513826302,-1.322537716
-8.409128289,3.375705218
15.78404976,18.18300848
12.10818512,20.94148528
13.61019871,24.72320669
-4.989543479,0.71237778
15.35321232,20.73952228
-4.253511931,-1.597394185
28.09645625,-10.04436902
14.01366345,21.35937354
30.26128396,-13.17542466
14.02525569,24.35547441
-6.059312761,-0.196034263
15.64264524,18.02299969
-5.638366255,2.587320788
19.92558492,21.56031596
25.66868143,-16.85581318
-8.046986257,-1.777192517
24.79907951,-12.78135482
29.57250822,-9.438993623
12.10448333,21.61681323
-7.06354582,4.697605741
29.853205,-13.36367224
26.4505548,-16.85591518
27.62319368,-16.05718881
18.33467964,20.55876967
15.79437845,23.82198103
23.36347476,-11.16293298
28.85283714,-11.83243691
31.67859612,-15.98850323
19.54023352,22.25755516
19.88502969,20.18395574
-4.352147091,-0.62683711
-9.742101487,-2.888026034
-6.056428527,1.122040453
12.83556133,21.99651799
-11.4478287,-0.115362497
14.46227057,21.60807506
-8.081922642,4.3755418
29.2143863,-14.55712374
18.99672632,23.73118852
28.38682513,-10.84938583
27.99581646,-12.93298538
-7.610059464,-3.344724341
24.41060774,-10.30499853
25.04738101,-17.22820155
24.42906302,-14.75921859
30.75099383,-14.11739017
18.36458189,24.36900933
26.25709526,-9.758766509
29.56725759,-17.48546544
24.33984052,-13.77540405
30.82243609,-14.29646663
19.35334223,20.47143123
25.66201791,-15.23180489
28.46608818,-9.315609595
17.70490724,23.94522365
12.64737139,22.52973345
-2.982770728,2.844916616
31.72401271,-14.15677248
19.44594089,22.66653611
31.42822085,-13.16710787
14.18425702,26.2945259
26.97307791,-14.74088231
29.2473137,-17.54119017
31.78661977,-13.18464565
16.06328437,24.06481989
13.95320713,25.89760921
17.05598291,23.74234686
-5.013338277,-3.517024626
-3.479937595,-2.602603261
12.83781239,19.5948132
-6.009904617,0.738445703
-9.957252077,1.586739997
-5.73624455,-0.570463466
31.69640546,-15.58238546
28.57970648,-13.58442693
-4.53236639,3.598147421
-5.661223408,-4.988305327
-3.970898985,-1.007390659
27.21705836,-10.46094785
12.76666804,19.53686599
-9.303595032,1.933884226
19.40247779,22.64378779
-9.796604971,-0.719386154
-11.06596522,0.248118208
26.08907732,-10.24592266
11.99494313,20.09129314
15.12106562,18.07835425
32.27642705,-11.27529065
12.3967874,19.96948088
30.56969417,-15.33437911
30.16293073,-11.91997833
-6.380148885,-2.690912106
-10.51601668,1.722951065
18.73765916,26.23094182
13.73899386,26.64675344
-10.3855411,-2.038535554
25.23882132,-17.48222859
16.5015624,27.28834075
28.45938217,-16.35896647
18.49811638,26.12066207
17.68461421,22.48177682
25.96877577,-10.08252982
29.35929014,-12.55172818
-9.164005257,-0.125076849
-9.53289837,-0.064976353
-10.74909359,0.934374551
25.21887853,-17.41819166
31.00527682,-10.14808343
-8.195302905,1.810915934
29.80190726,-10.48549187
26.7376502,-14.03552352
-11.077507,-2.461765527
16.68097285,21.94357373
-10.19649474,0.034423156
13.83361808,24.5103771
12.19208743,20.61881023
-6.284717604,4.670119064
-6.190477294,0.394508405
-10.62003797,2.328005838
25.29740593,-16.99816545
-2.168392266,-0.52885894
31.77842754,-15.64850436
24.65673788,-11.67909176
-7.286112938,1.27507311
-6.907290045,1.885665511
12.19587673,22.55871457
14.21621031,19.26055952
-9.623064923,-0.141858275
-3.994034917,-4.261536442
-6.560602693,-0.969960525
26.53160925,-17.55167736
17.8639488,26.21926714
14.06387514,25.80459869
-5.81190659,0.171965075
24.98043585,-12.6819278
27.81536821,-9.993810477
26.2293719,-12.49879373
17.98824842,21.09102919
26.44580711,-16.6182351
14.74630408,19.90474226
-2.632250425,1.044074983
-4.511820086,3.570253753
-10.54391344,-3.146957708
-10.55853766,-1.426351876
26.92881101,-12.59170089
11.30414994,23.32319555
-5.585064296,3.392735077
-7.144835916,-3.519489865
11.37458306,23.27748912
19.3801716,22.87654579
12.09483514,24.16122382
16.0631411,20.47447792
24.36407847,-10.76667776
-3.420956935,1.453092215
-6.55027503,-5.151647664
-6.708425212,-3.002800138
-4.260892704,-1.449795141
13.74383259,24.50727038
12.72974535,24.10563278
-8.521029477,-1.313820554
31.27259979,-12.11698078
-8.772055821,3.452431597
28.29931003,-17.90970328
15.94527547,26.89840086
13.27942473,22.14100787
17.68532343,21.1965582
-5.89865586,-3.861321682
25.19643181,-15.63732155
17.43089454,25.05820183
20.1961159,21.47384949
-3.806583493,-1.540318596
30.65530963,-14.93402971
18.10759511,24.76738257
18.84852071,21.49426973
-10.08582645,0.764305179
17.95811237,18.98948597
-4.301039452,-2.251128695
-11.02660913,-0.88786294
16.39852669,26.84371935
-6.33708433,2.943984226
24.2468054,-10.94635369
31.73657746,-11.37630901
-4.497755879,-2.994544645
27.40227436,-9.421773201
24.89115167,-9.399388798
25.33710673,-16.27964696
-8.654666833,-0.724252476
15.13857891,25.67989472
24.50363266,-10.3404859
27.04830321,-17.97110566
16.4713886,23.45243015
-6.769928738,3.497608515
28.12382127,-17.29786431
18.87383053,21.39050127
31.0492865,-14.11238018
14.75391618,18.92163091
17.64481414,26.32271454
23.88032238,-10.39393028
26.16682717,-14.83041568
28.5603392,-13.90640749
27.53137558,-14.90016226
-9.089753832,-4.496283734
15.05171672,23.17025866
16.65764951,26.83440728
29.16571671,-14.96746757
-8.813061824,1.741592271
17.42838304,21.79868107
29.96670061,-12.19017022
32.12890584,-15.84230548
17.0821311,25.85687229
25.96643745,-9.911581715
-6.161087499,-1.815550841
-6.058556205,2.313736808
-10.09521491,1.298286084
-6.195829812,-1.664407505
-3.978013615,-3.608433001
27.40641272,-8.655114578
17.55509753,19.55294235
29.24119877,-16.0858977
28.15090709,-15.24233885
24.78014159,-12.05784953
-6.519230991,-2.571110053
28.89844081,-11.578737
-11.13785131,-1.53542987
29.8437742,-11.43089052
12.0539376,25.90212109
23.77078089,-12.03839319
-11.08382502,1.973523313
30.00031506,-9.782805071
17.69119728,25.11448004
13.50274221,18.77198473
19.5611698,21.84008567
12.22389268,23.59610313
-8.689759328,3.143496213
12.16585771,20.69066389
14.76450302,19.82525962
28.52555793,-18.2763906
-4.038824032,-1.653028538
29.70119071,-15.84538159
26.43519709,-16.79610835
16.36217378,22.39593061
-5.032461503,0.523215638
23.68531719,-11.01967377
16.3418982,17.86052469
24.49119074,-11.25318558
25.29865872,-9.590957107
27.93122256,-10.47462403
-4.963054674,-1.662443091
26.75750965,-13.30368075
27.83050328,-14.24921186
31.17625872,-11.74863886
-2.737255336,-0.856497608
27.43036,-9.217883219
-3.084377058,1.667420392
28.03505914,-16.6419075
-10.38637424,-0.458698478
-8.688661451,-2.036704758
18.59899994,22.1360263
19.75821668,24.54024872
27.41276727,-12.97101166
16.85212249,24.30717404
29.91191543,-10.28496901
16.11963394,20.00594902
26.18636035,-14.94145801
15.51791944,21.49103909
-8.512930013,2.719075967
25.46987896,-10.11509988
13.98437944,21.48196722
23.88858932,-10.615229
27.4721299,-14.2837653
-6.673426289,-0.19351719
17.42470265,20.25402029
-7.367308758,3.691731384
19.98514861,23.43301139
12.8493717,18.79218853
-6.255675846,-4.942082219
16.48619461,24.61090897
17.18133012,26.62776751
-8.002041724,-2.200400756
25.48200207,-11.02582038
23.59590654,-14.26789464
11.44935896,20.31524386
20.05583602,22.00843455
28.62881514,-12.63220965
-7.847057007,-1.445941382
19.41550156,24.0563294
-4.303051532,-2.63608004
29.16107557,-10.3187996
11.21045638,22.03269522
26.31852877,-13.0064375
-6.232089626,-4.931891274
16.39144298,25.36044854
13.42439325,19.66404966
16.68785612,19.63037789
-3.393517522,-3.752861466
26.30031907,-9.003547446
31.3442177,-11.4202055
31.75310233,-11.58705719
26.9209496,-11.4415437
16.46689084,23.38945144
26.61337852,-10.15364753
14.61473177,22.24536951
28.76097842,-8.944300329
13.56466097,19.03438575
14.87767439,19.8246245
-9.743233028,-2.719977105
23.54417697,-14.15075245
28.55250873,-15.31898702
12.24217881,24.15806907
-5.166932756,2.972979058
-10.98331478,-1.726433783
19.17407526,19.44421074
-2.55253803,0.9276609
31.85977849,-13.30778156
-3.679686408,-2.77737537
-4.96076357,3.235808996
24.92260048,-12.38387146
-8.172169355,-3.30899618
28.06749038,-17.98644096
18.87469873,20.94158579
-7.463954775,-0.336273281
16.01641268,18.61963151
27.13268136,-9.426681613
28.46309332,-12.18469313
16.84798628,26.90055064
19.96893015,24.38309563
31.42662267,-14.33906849
-3.152988482,-0.621035219
12.75221684,23.15956919
28.7266928,-8.751752323
28.9762093,-13.05886274
23.40327209,-14.78994534
-7.826686079,-2.341857142
-5.120726981,3.902213207
29.47758326,-15.35426259
25.02822951,-16.95888372
-5.311663731,-0.98877035
12.96697492,26.65697283
-2.461893525,0.230793478
-6.944384925,2.990942987
11.41784204,23.34341502
-4.782483918,-3.035159182
23.4854325,-11.09907441
14.39746,21.37410349
15.26151456,21.12208831
14.80751233,19.25036911
27.85811088,-9.180567254
-3.863253222,1.968698544
-8.47922316,4.145139675
-7.71460405,2.003616683
16.47521774,23.47002141
16.85971597,23.75088285
16.62166912,22.17751779
-3.443737103,1.58076051
12.7798268,22.83294335
15.70234341,26.45868984
28.54977389,-10.065167
-2.27765393,-0.390882116
-6.506598117,-3.521357713
24.6323431,-14.77861092
-7.016825801,1.252951261
27.94446539,-13.60990944
30.35583309,-10.89836251
27.7035985,-14.12559046
25.51670051,-16.8001932
29.18996805,-10.72646377
-3.039481819,-1.4378462
24.28013391,-13.07122653
30.00823525,-16.61428154
13.13241478,23.78207105
-9.204064985,-4.132393095
29.05778492,-12.57024518
11.49562548,20.86173112
-10.41233455,-0.626587021
14.38321759,26.68141671
-11.10685838,0.729496144
-5.12423391,4.368650204
25.93875264,-15.53204974
29.66715012,-14.98970173
24.41133757,-11.76831934
27.02716786,-9.630893048
28.17748135,-15.49871642
-4.895493061,0.461926104
30.82607032,-10.09998033
13.13556511,24.04860021
-4.094151616,-1.694410993
31.80908866,-11.63454818
-8.778634096,0.906387877
-5.943193852,3.077534066
-11.16809652,-1.35063241
23.38071089,-14.41848147
26.80781214,-14.79950885
18.17702894,26.48314623
-10.48398998,-0.537583799
23.15841348,-13.91832395
15.87962231,26.55507015
29.8048703,-17.77574327
32.09017955,-15.43058914
26.6649794,-15.98548266
24.07840314,-13.89471084
24.4976283,-10.75683757
-7.515801582,3.130564932
-5.384946687,2.832913318
30.15071133,-9.621693289
30.97581657,-10.15240966
28.05730932,-9.002184154
25.8496827,-13.89472582
-6.115326964,-3.970156878
-6.4438845,-4.887263498
30.66591728,-11.62278434
25.49866327,-11.26258935
11.40422189,23.46046436
-5.444837531,4.022539125
25.514008,-8.992176162
15.12616973,18.51664274
19.62167449,19.97900379
13.93910282,22.60257991
27.28699993,-8.807230387
26.50361011,-14.51696338
15.65373916,24.87800199
-4.241409225,-4.185035357
30.558619,-14.96752525
16.96875099,19.13709186
16.09054221,17.76497556
28.37666941,-17.45098747
12.70858415,20.94311857
29.10595284,-9.69244184
29.53848245,-17.20133029
-8.427890312,-2.890426093
-7.055282704,-2.978202703
12.77020099,24.64693678
24.69576731,-9.509516577
-7.528006398,-0.806069072
24.66763201,-11.72729681
31.65939637,-13.62681909
31.75137736,-12.2298517
26.11190559,-16.89060841
-10.57698481,-1.383175136
14.94990044,26.92010127
12.8301222,18.72288453
11.82770258,22.0396483
13.18561144,26.25964445
-9.621072051,-0.568099407
-4.376953622,-1.191380691
-9.828132625,1.897628041
-5.543983463,0.021593908
27.78744209,-10.89774413
29.89617949,-10.39896442
17.63006147,26.87865591
11.63108528,25.32959455
19.78419484,20.07800206
12.4118366,20.02763061
-8.552350299,2.330293276
-8.22306478,1.306667418
-10.21998083,-2.380050181
-5.732726549,-4.400187085
-6.893413794,-2.679194438
23.0698817,-12.70397111
-9.304717913,1.867396254
25.24239005,-12.5541253
17.49379114,18.33892479
14.65075152,18.01677662
16.21888564,22.52752106
-5.906275178,-3.493073133
-10.99574889,1.874319339
13.39204472,25.16682637
14.44984427,22.76746836
12.62066276,23.46972878
28.60818045,-10.45882477
15.19747226,17.91837489
-10.82360282,-2.127260035
16.864963,20.6263969
-8.04313844,1.700674221
12.88730674,24.62449847
-9.218528444,1.731547247
17.35551742,21.19564189
-2.222930039,1.52162884
-10.41938659,0.958437904
-3.059135577,2.124837378
24.56216605,-13.79846059
14.3417308,19.1579565
-8.426894123,-0.554474074
-4.458403207,-3.676209187
12.49478624,18.82046322
-7.387950909,-2.843738723
-4.318918528,2.44987694
27.63591779,-10.84028769
-2.810080837,-0.487176053
18.48120991,25.72229928
-4.325776433,1.507739923
12.67480654,21.83645207
-2.860440301,2.300299348
29.18110155,-17.54659638
19.74228445,22.46592867
15.82499604,23.91907526
25.33046574,-12.47368386
18.696483,19.10686951
13.54453365,26.59212676
-5.975366809,-0.352352285
-5.604811226,-1.786956597
-2.007724024,-0.093897104
-5.872394774,-1.433841592
11.37793843,23.89787339
26.87009828,-13.60385164
-5.510763854,0.029004421
24.71064136,-11.56830649
28.10271192,-15.64722091
29.95814294,-12.33023932
-6.306906751,-2.7064879
17.41005641,18.33930526
26.52017584,-13.66271288
-5.23516549,-4.843476155
31.63356985,-15.24855545
32.01727458,-11.19450387
16.87353917,25.47170696
30.82769088,-12.08259149
28.21080918,-15.42473445
15.99817354,21.39166017
-3.217705626,3.118504356
-5.956134444,-3.364568806
16.70395282,24.41121892
-5.682039084,-1.524109365
-9.112552093,0.761685469
30.3958259,-11.8804022
-10.58310872,-2.151729471
-3.238617253,-1.777149645
-10.32351386,1.773689058
25.37542085,-9.093449131
-8.456577236,-2.646450417
11.88379141,25.63423464
29.16204151,-11.68114424
25.86101607,-16.71012605
-5.686710625,2.508974618
-8.458405582,-1.494862355
-6.176486925,-2.752139344
15.46709029,23.77575122
12.67714071,19.50440445
-8.236691748,-0.832185752
28.03869999,-11.80154649
-5.99801968,-3.055391439
18.17585903,25.8861947
-2.56330257,-2.030303363
-4.780108698,-2.302499551
17.96940901,19.17284684
27.32066195,-18.13966847
12.09571007,22.93095874
16.42075589,17.71921067
13.12924216,21.76560661
14.12732087,24.83548287
-2.565925889,-1.453245942
27.07171869,-18.01942921
-4.451016705,0.934995217
14.10145187,25.68427909
16.94458561,19.66202916
-3.030286166,-2.181668734
-6.180321499,2.48671598
13.36020605,22.73237287
-6.794072532,-0.839491255
-9.727180075,-1.544323907
31.58826516,-13.76887178
29.77998677,-15.86897082
17.65349609,26.94693465
17.97684318,18.35986065
19.57689984,21.63482578
30.94440983,-12.8302307
-6.475451627,2.792127202
24.10899173,-14.27233322
26.50822477,-16.38271748
-5.544469085,-4.280520403
16.83294443,18.02887687
29.25699732,-14.04022369
18.28961231,21.17662772
27.03712163,-10.29362528
26.14593031,-16.23753721
27.13850914,-13.48435631
15.97887898,20.87731433
16.78441603,26.2591372
13.59310051,19.4764378
29.48467768,-11.44459643
-9.831997591,0.578356222
28.92354745,-8.745414874
14.93247197,21.11228314
19.03504093,24.64611917
18.30210018,25.21394924
-7.382646342,-1.800739183
-8.633290516,-3.216613942
30.66145213,-9.639196376
17.86249297,23.70659766
-9.266700681,0.641828405
-3.034774031,-3.417938581
-5.660746116,3.887829154
28.56743398,-9.178949744
15.68459147,21.66234043
-4.529440275,2.622509254
-3.357650087,-0.564266782
-7.508298247,-1.112252246
16.86061479,25.34650922
31.47467651,-16.71277123
26.71954795,-9.63877501
11.98237328,24.55975348
26.34338384,-15.17321769
13.22272856,20.13647183
20.3481321,24.12477153
13.92311929,23.71209097
-4.33749339,3.555477658
27.71304743,-16.46171118
-9.283185226,-3.749249953
-4.460896794,-0.571137049
14.10325116,26.97081699
17.93838909,26.33028435
-5.849539116,-1.336405874
-10.50585852,-0.453188855
15.09286659,19.70768689
-9.474318954,3.202482085
18.97671518,22.50465715
28.4539006,-8.549890878
30.88273168,-16.03801045
13.80029771,18.34941948
24.2457274,-12.65448813
17.36967866,18.64910987
23.58697772,-13.39601466
-9.418214947,-1.675715472
-7.496183696,-0.020906741
-9.079126791,1.702984056
-5.330877845,3.889795296
-7.134419806,4.367812643
-5.301026287,-0.928391226
11.47229428,25.10669344
19.24588251,24.40222956
11.42890578,24.35147461
24.63080359,-12.90670526
32.18889728,-14.42786491
23.59924974,-13.55650179
11.32782026,24.17768731
26.24265481,-10.60663168
27.60963491,-17.43282814
12.7070801,19.20645764
31.51961886,-14.7645404
-10.39479583,-2.400164437
12.67630873,23.0019246
-9.776774593,-3.022554403
-7.072298815,0.961164973
24.70270053,-10.28507661
15.00602746,24.19537101
11.40857615,21.55028847
-10.40873181,-3.306863594
-9.887911445,-3.571297189
-7.540391052,4.325734972
16.8557011,21.44289484
-5.022169363,-0.807132644
-7.099135425,2.627292435
-5.598281949,-2.909247288
-6.343972534,0.805439728
13.16503801,19.49911338
30.01159441,-14.94451593
16.6070729,21.13622821
15.00907741,23.24426862
-9.316982018,3.878424441
18.88928546,24.17054166
15.60477535,21.94405352
31.06933382,-10.51978904
30.91414356,-15.9500846
-3.068201347,-0.04482552
-9.743256071,-1.655237457
15.51560053,27.39338525
17.71450968,19.89034793
30.04675296,-13.91639695
-4.042379359,2.836181916
30.79642345,-13.08486274
14.38642194,19.42990997
-8.323104387,-2.081759477
-7.529734213,1.723619872
18.64911002,19.25139991
11.75209331,20.81307113
-4.131934022,-1.708972833
15.05293216,24.18442188
14.52852206,20.60967633
13.1429599,22.97042006
-8.962001216,-4.155839551
11.80001299,23.82809213
28.73449428,-17.23579436
30.6028957,-11.72947631
27.12215938,-12.56963845
23.86126765,-12.92001759
14.20144045,26.9948075
17.10602349,21.25630545
24.5910063,-12.20535144
12.11594402,20.61851552
-5.029975722,0.277383076
15.9457682,25.85183181
29.45101453,-15.09351032
24.44813701,-15.81450782
14.43437738,26.67601725
-8.981177297,-4.387661164
26.55815893,-9.726668434
31.89809602,-13.8260834
-6.460553146,-4.715133157
32.14781208,-14.24373022
23.82488314,-11.67943472
13.25024967,26.08018234
-5.928495206,1.006822742
11.677508,23.96958252
16.88321461,26.48060357
16.48953512,22.50525052
-7.779250857,-0.845395598
17.14816718,19.11650001
-5.24147142,-3.648482308
-4.260739115,3.604334517
-8.901474776,3.806772418
13.78919889,21.8621182
14.6704175,19.6660882
-9.449604093,-3.819995181
25.66471737,-11.43678181
19.79208559,20.49034157
18.28243074,23.02479072
14.37737554,24.13577236
-8.96474827,-4.402275682
30.22828143,-11.99951003
11.65087435,22.8372103
12.14899831,25.80308371
28.88698626,-8.793025983
-10.00358009,-3.772523945
28.17573327,-14.76215869
-7.524629596,-2.354810921
-6.931640349,0.146037649
14.40170122,19.52601529
-9.817979647,-2.737859626
-8.821190568,-2.042086004
24.88730018,-9.537690349
-9.790679347,-4.020108395
28.54596103,-16.12428956
13.62091665,26.27996343
11.15108666,23.75996587
28.17991607,-11.39876132
11.6470138,21.88204155
-4.896378075,0.56003657
18.28603496,21.44046744
29.66856624,-15.55745656
24.53160727,-10.32409445
-7.875759917,-2.363690142
27.33481469,-16.84440496
-2.832655577,0.257444505
24.82175626,-13.44794692
-6.501486125,4.02258612
13.35625701,20.65509917
27.35053505,-17.50224264
12.0143787,21.69389395
25.00510519,-10.79600202
13.25809379,23.34368401
16.95532195,23.84465361
-7.472062941,-4.709398946
31.35153268,-13.88397764
26.83721654,-12.54720983
-8.188783043,3.616088458
-7.362523689,-0.942961939
-5.514431619,-1.91218291
15.37417968,19.13349829
-11.54195455,-1.055603666
12.8904747,22.35723781
-3.544552347,1.609833688
-3.751033975,1.612068931
13.83203425,23.27501004
12.41532745,20.44736985
19.15321931,26.01343539
26.22826382,-14.10838029
-2.52138286,-2.562267701
14.01727901,26.90683721
28.48452047,-11.5397239
-6.034785078,-3.921587143
17.65879963,22.365929
-3.790875213,0.818888865
-6.934504602,3.927085338
12.07780999,25.08933738
29.70437122,-16.62510609
-7.507144229,-0.859612536
31.11828393,-13.41824344
25.9380427,-12.7932971
12.04197888,24.24371817
-5.523266525,2.781380565
14.11482679,23.56759089
18.23292144,20.96614862
29.88481191,-8.986472275
12.58994796,26.1112934
-7.919450883,-3.925127294
19.26509563,19.3565338
14.6845785,25.98919589
17.18924937,23.87423877
12.55581136,19.4762394
18.64086615,18.97925063
14.47440223,19.70868752
24.4793498,-11.92873706
-5.837478503,0.149404649
17.05349545,18.20835026
16.71506022,18.54415069
29.10505179,-18.15180258
26.78586541,-9.892607947
-3.200329645,1.266026203
-10.08763978,-2.166447209
28.3291436,-17.39986764
25.44832371,-12.26265011
30.078675,-11.22519772
16.46754917,23.19867462
-7.730957255,1.005319878
25.40948329,-13.90747827
25.87792289,-11.03782311
-7.191857497,-4.195839829
15.81631667,19.3621841
11.33529816,23.20482199
27.52221353,-16.99914825
-10.01863291,-0.649434318
-4.730603678,-3.256295313
11.0701367,22.00412365
-5.54892526,-1.796830892
28.34023076,-9.988793192
13.33478554,26.35560985
-4.255457162,2.82024832
15.32077746,24.43650282
-7.041981673,2.609996128
30.26991231,-17.63902478
27.9839602,-14.13632966
24.68839002,-13.55522507
-8.557179417,1.5623057
25.09119017,-9.79344077
25.73569612,-16.34854379
-2.617682804,-0.014140793
19.95084795,20.38277795
16.21507306,21.89302011
25.13628859,-12.01934095
-7.818973291,-2.370065487
16.02010786,22.5767998
14.96193644,23.88459205
31.3015347,-14.43754661
30.7368461,-11.12877833
-8.024148136,-1.500230332
-3.542357058,-1.279148925
23.8194125,-10.87088988
-3.88835185,0.915150976
16.01761917,26.17489079
-5.34185581,-1.52770646
-7.120443837,-2.007227992
-4.264917465,3.509336121
-4.345732266,-1.370403122
13.94747292,25.28150457
26.27043956,-14.48454964
11.37752113,22.64886615
-3.83779772,-0.381985116
28.70129073,-16.61243863
-4.198437995,3.65727151
24.67562907,-11.33181898
31.69898666,-12.34423456
19.29598939,20.48912032
17.46094105,20.97815033
16.53264781,25.37625116
24.73985086,-13.79787926
28.53275859,-14.83636689
-7.419644331,-0.44889469
-3.742815815,-2.466372328
15.67848184,21.11118244
18.82775823,20.93525331
-7.517976281,-3.470519698
-5.461557068,1.637302206
27.47400443,-13.73252827
28.58688832,-10.72975832
28.60102585,-13.32063465
18.66299983,20.61726019
16.3910979,25.82002462
-5.876438308,2.260621726
19.74943814,20.58013161
14.87433062,24.80750576
19.50513771,20.05196786
-5.955868788,-2.191830185
29.86297533,-13.76731896
30.48482213,-15.69226854
26.41017393,-16.21900748
-9.156989798,-2.862358114
-2.579675134,-1.890128113
28.46573534,-12.41246971
31.40567006,-10.35572142
25.92448201,-12.45224871
-7.26952588,2.243801619
24.82178714,-13.8576611
23.34981315,-14.72695538
-8.210618412,0.250040963
-4.64477338,4.156373781
27.43822597,-12.7387461
14.27187418,20.50604355
15.33147639,22.01278154
-10.04136707,-0.614119652
-9.358514409,0.259159272
16.0515529,24.33638888
12.91860822,21.80285931
16.95788483,25.58718542
25.62392309,-11.71300294
-4.585418826,0.076482245
29.89636211,-15.99701231
13.28564437,25.28942893
29.04337391,-12.59810536
-4.647016346,-4.112824919
-2.144254216,0.182215754
16.54305966,25.39819378
-5.058080226,3.687062805
13.25494971,19.92674803
25.75475639,-11.27041267
11.33351729,20.98872112
32.17344065,-14.38079997
20.23426241,21.78443956
29.5333229,-12.36179114
20.16029169,22.89631756
-9.705350351,-2.045083722
26.92140777,-11.35950927
27.79724624,-11.78689781
31.58956199,-13.15066831
-6.818975232,-4.86245944
-9.222194674,-3.578689243
-5.773300712,2.009863414
30.01817598,-11.72683047
19.21331477,21.73133999
28.63192529,-12.92516633
30.6591888,-15.35615663
30.07871343,-10.25280709
25.04535399,-9.251588652
27.48952737,-12.87145877
20.10660254,20.8691108
18.28248126,25.85678845
24.82818655,-12.97788965
-6.526169375,2.308311043
26.19442524,-16.15758858
10.80657573,22.34238912
-10.71453959,1.797965815
-4.549916789,-4.086073749
23.79112498,-15.12065417
-9.078130751,-3.601069059
11.2352031,20.5698739
-3.930118497,-0.879053618
28.80628652,-17.60771959
14.67376778,20.8405831
-8.365325487,1.317510151
-5.999275702,-4.204826921
-4.838245902,0.404803698
14.38362652,26.75321738
-5.008585474,0.4293961
-4.365181589,-2.664374013
20.20008936,20.7808639
13.1509218,24.03737752
-8.247364641,2.096775345
-4.020883954,-2.172225906
25.34492841,-10.34613475
17.60386912,27.11066287
28.428279,-13.908751
26.75927665,-10.76712709
17.51197925,19.63252943
-6.345462685,-1.078420465
13.9724437,20.55607034
24.3990768,-11.68972161
-10.65379436,1.508408537
18.61976308,18.54135255
-9.42255755,2.100889039
29.19795641,-10.50630098
31.37393797,-10.66303063
15.76911996,22.2041127
-3.762173055,-1.702904307
17.28264032,21.85297391
27.59637329,-8.848672636
15.53612476,22.61547296
-9.462504826,2.857877586
30.84390066,-10.72491942
31.69891827,-13.25313379
-7.087898965,-2.952003729
-5.917112897,-4.784607816
28.0957982,-14.21212313
28.77192004,-9.224686842
13.30293175,24.20966345
30.19113564,-11.56360096
15.94190898,18.63628835
12.53655177,22.15320905
-2.868187396,-1.839932217
27.68385821,-11.26181129
33.37104366,-8.628792739
12.405162,17.26985923
11.26142629,16.65522004
14.03347569,27.5233207
20.50276526,27.35281096
-9.230853237,4.498910961
-11.67444256,-4.606969385
20.49494776,25.65301611
11.26561402,25.91711005
26.18489898,-18.33705822
15.37431992,16.8316692
-2.975403978,-3.664210117
31.95572827,-15.61567116
-4.71907747,-5.341697935
12.48936215,17.86892431
-11.7014318,5.62908981
19.1224698,26.12162985
-3.593625079,5.22923723
19.09643212,28.31160299
-2.162463455,-1.784401614
15.26962419,27.24878653
-1.146001543,-5.841855805
-1.181165388,5.222125343
20.11287782,19.10045074
19.86202324,27.08529419
12.40108546,27.63611255
-10.08810468,3.089105467
28.37222261,-7.474228854
-11.94642888,2.27637396
-1.144937711,2.215822239
15.49199107,16.66498322
-8.476625669,-5.938501319
31.19565886,-8.795380216
-11.53112308,4.661119061
33.4466565,-7.567506942
-10.35182082,4.047734305
33.74049877,-7.46121955
-2.684128253,5.178753657
-2.493252446,2.417069578
-1.508507815,4.820567428
-1.575040565,-5.38745514
-2.42093554,-4.643515048
-1.699927497,2.043582922
-3.958152233,-4.084839576
32.47910244,-19.13299225
19.2381309,26.8179234
-7.456220189,4.947933679
15.26536167,17.36943066
12.63191247,16.87782402
-11.71449986,-1.281335459
20.16999236,16.84154051
14.12042156,17.46546361
-8.148315038,4.542878529
-10.58205588,-6.014911193
23.43008909,-10.10414881
-12.47759118,0.745248608
-9.802098005,-3.667110171
15.7986377,27.48395853
32.44358253,-17.71639375
21.50436992,20.02721286
-6.901367346,5.219237461
26.07704165,-18.36288449
23.93965798,-10.53166088
24.28285964,-8.5806786
12.75132456,28.07736164
-1.654704241,0.955378681
-9.817919393,4.503946823
21.65604336,19.0674561
9.715587819,18.74129471
15.32668623,17.70361074
-2.093891007,3.736726373
-8.144300639,4.597488304
23.51010719,-10.98555811
23.77618275,-8.78516263
28.07907906,-18.28991326
19.38527888,19.27855146
11.37852864,16.67464202
-4.590020905,5.708995394
29.29459513,-17.8331224
24.18647922,-18.98201366
30.721941,-17.47314052
9.952786084,23.22346726
23.17512194,-9.505147209
26.10506163,-8.571254215
17.56510817,18.09554356
-12.60888668,0.281738899
32.73144847,-18.92777232
19.56175967,25.90371543
-0.870232966,0.868069745
-8.351140041,-5.989896099
32.11020917,-15.85930174
32.52822132,-17.3621117
-12.04654125,4.719443415
33.25100147,-14.56597833
10.85351224,27.83629911
-0.839749319,0.689782654
19.43004281,18.90117642
-12.02572799,-5.905815635
13.82416669,16.66528298
33.24376371,-7.708916282
